id,name,artist,user_id,url,created_at,updated_at
1,A novidade,Gilberto Gil,1,https://www.youtube.com/watch?v=AR_Ky1bzAdk#,2020-11-24 22:18:40 UTC,2020-11-24 22:18:40 UTC
2,Peixe Vivo,,1,https://www.youtube.com/watch?v=0rYtg1UdzS0#,2020-11-24 22:18:40 UTC,2020-11-24 22:18:40 UTC
3,Se essa rua,,1,https://www.youtube.com/watch?v=iKnjy64Oiis#,2020-11-24 22:18:40 UTC,2020-11-24 22:18:40 UTC
4,Pai nosso,Padre Marcelo Rossi,1,https://www.youtube.com/watch?v=WHrfV4iwCWk#,2020-11-24 22:18:40 UTC,2020-11-24 22:18:40 UTC
5,Cowboy fora da lei,Raul Seixas,1,https://www.youtube.com/watch?v=cEANKgNdxk0#,2020-11-24 22:18:40 UTC,2020-11-24 22:18:40 UTC
6,Café e amor,Gusttavo Lima,1,https://www.youtube.com/watch?v=rYmfZzZE3b4#,2020-11-24 22:18:40 UTC,2020-11-24 22:18:40 UTC
7,Gostoso demais,Maria Bethânia,1,https://www.youtube.com/watch?v=GHAbgGgV7AA#,2020-11-24 22:18:40 UTC,2020-11-24 22:18:40 UTC
8,Sorri (Smile),Charlie Chaplin,1,https://www.youtube.com/watch?v=VXjluJu81Ak#,2020-11-24 22:18:40 UTC,2020-11-24 22:18:40 UTC
9,Tente outra vez,Raul Seixas,1,https://www.youtube.com/watch?v=J8JRVEqWdPg#,2020-11-24 22:18:40 UTC,2020-11-24 22:18:40 UTC
10,Anunciação,Versão Mariana Nolasco,1,https://www.youtube.com/watch?v=_rGaxNmLbAQ#,2020-11-24 22:18:40 UTC,2020-11-24 22:18:40 UTC
11,Um pedido,Hungria Hip Hop,1,https://www.youtube.com/watch?v=MgNZzN_7OJg#,2020-11-24 22:18:40 UTC,2020-11-24 22:18:40 UTC
12,Vento no litoral,Legião Urbana,1,https://www.youtube.com/watch?v=-1rl5eqZgXM#,2020-11-24 22:18:40 UTC,2020-11-24 22:18:40 UTC
13,Não aprendi dizer adeus,Leandro e Leonardo,1,https://www.youtube.com/watch?v=-X59cPo28_w#,2020-11-24 22:18:40 UTC,2020-11-24 22:18:40 UTC
14,As canções que Você fez pra mim,Maria Bethânia,1,https://www.youtube.com/watch?v=HhJvGvmZ5cY#,2020-11-24 22:18:40 UTC,2020-11-24 22:18:40 UTC
15,Graveto,Marília Mendonça,1,https://www.youtube.com/watch?v=RlrZVj4lnEw#,2020-11-24 22:18:40 UTC,2020-11-24 22:18:40 UTC
16,Um minuto para o fim do mundo,CPM22,1,https://www.youtube.com/watch?v=PT53qsypQxo#,2020-11-24 22:18:40 UTC,2020-11-24 22:18:40 UTC
17,Rosa de Hiroshima,Secos & Molhados,1,https://www.youtube.com/watch?v=K1jMJ_w91YA#,2020-11-24 22:18:40 UTC,2020-11-24 22:18:40 UTC
18,A casa é sua,Casa Worship,1,https://www.youtube.com/watch?v=yGiQj8LKDJo#,2020-11-24 22:18:40 UTC,2020-11-24 22:18:40 UTC
19,Ovelha Negra,Rita Lee,1,https://www.youtube.com/watch?v=nMaSJTo-7Ms#,2020-11-24 22:18:40 UTC,2020-11-24 22:18:40 UTC
20,Espumas ao vento,Fagner,1,https://www.youtube.com/watch?v=WI38VyGHWlI#,2020-11-24 22:18:40 UTC,2020-11-24 22:18:40 UTC
21,Eu tô gostando de um menino aí,Carol & Vitoria,1,https://www.youtube.com/watch?v=Z09uXIdM8AY#,2020-11-24 22:18:40 UTC,2020-11-24 22:18:40 UTC
22,Agora só falta você,Rita Lee,1,https://www.youtube.com/watch?v=vX87mN8GEh8#,2020-11-24 22:18:40 UTC,2020-11-24 22:18:40 UTC
23,O caderno,Toquinho,1,https://www.youtube.com/watch?v=SPTA2F9QiZM#,2020-11-24 22:18:40 UTC,2020-11-24 22:18:40 UTC
24,Com ou sem mim,Gustavo Mioto,1,https://www.youtube.com/watch?v=A89ydMihG6s#,2020-11-24 22:18:40 UTC,2020-11-24 22:18:40 UTC
25,Down em mim,Cazuza/Barão Vermelho,1,https://www.youtube.com/watch?v=HI3SEAwPkno#,2020-11-24 22:18:40 UTC,2020-11-24 22:18:40 UTC
26,Samba da Benção,Vinicius de Moraes,1,https://www.youtube.com/watch?v=Ov454ZlJzDk#,2020-11-24 22:18:40 UTC,2020-11-24 22:18:40 UTC
27,Áudio de desculpas,Manu Gavassi,1,https://www.youtube.com/watch?v=Qgg7hh2xA9k#,2020-11-24 22:18:40 UTC,2020-11-24 22:18:40 UTC
28,Asa Branca,Luiz Gonzaga,1,https://www.youtube.com/watch?v=tvAtWam6V0E#,2020-11-24 22:18:40 UTC,2020-11-24 22:18:40 UTC
29,Boiadeiro,Luiz Gonzaga,1,https://www.youtube.com/watch?v=1b4EbZLrjTY#,2020-11-24 22:18:40 UTC,2020-11-24 22:18:40 UTC
30,Homenagem aos apoiadores,João e Maria,1,https://www.youtube.com/watch?v=GGOQFgQzV4A#,2020-11-24 22:18:40 UTC,2020-11-24 22:18:40 UTC
31,Eu só quero um xodó,Dominguinhos,1,https://www.youtube.com/watch?v=97A2-TYAVBA#,2020-11-24 22:18:40 UTC,2020-11-24 22:18:40 UTC
32,Eu Feat. Você,Melim,1,https://www.youtube.com/watch?v=r5MaVBQvFr8#,2020-11-24 22:18:40 UTC,2020-11-24 22:18:40 UTC
33,Cegos do castelo,Nando Reis,1,https://www.youtube.com/watch?v=yPybb2iU13M#,2020-11-24 22:18:40 UTC,2020-11-24 22:18:40 UTC
34,Me conta da tua janela,Anavitória,1,https://www.youtube.com/watch?v=diY6HLvL03o#,2020-11-24 22:18:40 UTC,2020-11-24 22:18:40 UTC
35,Estrela,Gilberto Gil,1,https://www.youtube.com/watch?v=2iMSkK08bfo#,2020-11-24 22:18:40 UTC,2020-11-24 22:18:40 UTC
36,Morena,Vitor Kley,1,https://www.youtube.com/watch?v=SVXIeyf91nc#,2020-11-24 22:18:40 UTC,2020-11-24 22:18:40 UTC
37,Não precisa mudar,Saulo,1,https://www.youtube.com/watch?v=tsehC7hNO8A#,2020-11-24 22:18:40 UTC,2020-11-24 22:18:40 UTC
38,Jesus Cristo,Roberto Carlos,1,https://www.youtube.com/watch?v=6aYW7Hs7VpE#,2020-11-24 22:18:40 UTC,2020-11-24 22:18:40 UTC
39,A tal canção pra lua,Vitor Kley,1,https://www.youtube.com/watch?v=PtO6UTgXDHU#,2020-11-24 22:18:40 UTC,2020-11-24 22:18:40 UTC
40,Dois corações,Melim,1,https://www.youtube.com/watch?v=Y98P07lR_wU#,2020-11-24 22:18:40 UTC,2020-11-24 22:18:40 UTC
41,Partilhar,Rubel e Anavitória,1,https://www.youtube.com/watch?v=vym71mtUBB8#,2020-11-24 22:18:40 UTC,2020-11-24 22:18:40 UTC
42,Garoto errado,Manu Gavassi,1,https://www.youtube.com/watch?v=l110uInQRf4#,2020-11-24 22:18:40 UTC,2020-11-24 22:18:40 UTC
43,São Gonça,Seu Jorge,1,https://www.youtube.com/watch?v=Nnxs6Zr94B4#,2020-11-24 22:18:40 UTC,2020-11-24 22:18:40 UTC
44,Apaga a luz,Glória Groove,1,https://www.youtube.com/watch?v=zekpnPBR9xA#,2020-11-24 22:18:40 UTC,2020-11-24 22:18:40 UTC
45,Aquarela,Toquinho,1,https://www.youtube.com/watch?v=YjnqVWORWFI#,2020-11-24 22:18:40 UTC,2020-11-24 22:18:40 UTC
46,Café,Vitão,1,https://www.youtube.com/watch?v=6P9DUYFarcE#,2020-11-24 22:18:40 UTC,2020-11-24 22:18:40 UTC
47,Tempos modernos,Lulu Santos,1,https://www.youtube.com/watch?v=NkDIeKSoIN0#,2020-11-24 22:18:40 UTC,2020-11-24 22:18:40 UTC
48,Dezembro de 81,Música da torcida do Flamengo,1,https://www.youtube.com/watch?v=icy7p7XImss#,2020-11-24 22:18:40 UTC,2020-11-24 22:18:40 UTC
49,Sentimentos confusos,Raffa Mogi,1,https://www.youtube.com/watch?v=pBpgIujW7zs#,2020-11-24 22:18:40 UTC,2020-11-24 22:18:40 UTC
50,Esotérico,Gilberto Gil,1,https://www.youtube.com/watch?v=B2N7TN9AZUI#,2020-11-24 22:18:40 UTC,2020-11-24 22:18:40 UTC
51,Tangerina,Tiago Iorc - Duda Beat,1,https://www.youtube.com/watch?v=0IR9hZDyn18#,2020-11-24 22:18:40 UTC,2020-11-24 22:18:40 UTC
52,Terça de tarde,Pedrosa,1,https://www.youtube.com/watch?v=BIPUyEcz3Uw#,2020-11-24 22:18:40 UTC,2020-11-24 22:18:40 UTC
53,Ive Brussel,Jorge Ben Jor,1,https://www.youtube.com/watch?v=OGcB0-P9a5I#,2020-11-24 22:18:40 UTC,2020-11-24 22:18:40 UTC
54,Você me resgatou,Geovanna Jainy,1,https://www.youtube.com/watch?v=FtNBKRkaXsY#,2020-11-24 22:18:40 UTC,2020-11-24 22:18:40 UTC
55,"Por causa de você, menina",Jorge Ben Jor,1,https://www.youtube.com/watch?v=1qW-z4n2BfM#,2020-11-24 22:18:40 UTC,2020-11-24 22:18:40 UTC
56,Clichê,Day e Vitão,1,https://www.youtube.com/watch?v=8jdYWHyXhDg#,2020-11-24 22:18:40 UTC,2020-11-24 22:18:40 UTC
57,Força estranha,Caetano Veloso,1,https://www.youtube.com/watch?v=ZoGVbsFTq7E#,2020-11-24 22:18:40 UTC,2020-11-24 22:18:40 UTC
58,Eu odeio amar você,Hiosaki,1,https://www.youtube.com/watch?v=z1WjEdIKwSQ#,2020-11-24 22:18:40 UTC,2020-11-24 22:18:40 UTC
59,Como uma onda,Lulu Santos,1,https://www.youtube.com/watch?v=gY4mRcBg_LE#,2020-11-24 22:18:40 UTC,2020-11-24 22:18:40 UTC
60,Meu Talismã,Iza,1,https://www.youtube.com/watch?v=Hy-anyhEtjA#,2020-11-24 22:18:40 UTC,2020-11-24 22:18:40 UTC
61,Always on your side,Sheryl Crow,1,https://www.youtube.com/watch?v=kFHqkUXptGY#,2020-11-24 22:18:40 UTC,2020-11-24 22:18:40 UTC
62,Beira mar,Zé Ramalho,1,https://www.youtube.com/watch?v=ux8YS3wrwnU#,2020-11-24 22:18:40 UTC,2020-11-24 22:18:40 UTC
63,Vitão,Caderninho,1,https://www.youtube.com/watch?v=nK36zgNkIfY#,2020-11-24 22:18:40 UTC,2020-11-24 22:18:40 UTC
64,Aquele abraço,Gilberto Gil,1,https://www.youtube.com/watch?v=BxgkcUa4XUY#,2020-11-24 22:18:40 UTC,2020-11-24 22:18:40 UTC
65,Desafinado,Tom Jobim (João Gilberto),1,https://www.youtube.com/watch?v=ruldqTOibnk#,2020-11-24 22:18:40 UTC,2020-11-24 22:18:40 UTC
66,Me leva,Delacruz,1,https://www.youtube.com/watch?v=QrWkVlHRWmw#,2020-11-24 22:18:40 UTC,2020-11-24 22:18:40 UTC
67,Pupila,Anavitória e Vitor Kley,1,https://www.youtube.com/watch?v=yAfXsFETfGw#,2020-11-24 22:18:40 UTC,2020-11-24 22:18:40 UTC
68,Andressa,Delacruz,1,https://www.youtube.com/watch?v=aoNJMTlUBFk#,2020-11-24 22:18:40 UTC,2020-11-24 22:18:40 UTC
69,Queria ter pra te dar,Almério,1,https://www.youtube.com/watch?v=8eRYOYJi5N4#,2020-11-24 22:18:40 UTC,2020-11-24 22:18:40 UTC
70,Minha Galáxia,Geovanna Jainy,1,https://www.youtube.com/watch?v=zI0WgCquoi8#,2020-11-24 22:18:40 UTC,2020-11-24 22:18:40 UTC
71,Apenas mais uma de amor,Lulu Santos,1,https://www.youtube.com/watch?v=5ZtKbJWke28#,2020-11-24 22:18:40 UTC,2020-11-24 22:18:40 UTC
72,Eu tô bem,Luiz Lins,1,https://www.youtube.com/watch?v=yUO1FqPYaqI#,2020-11-24 22:18:40 UTC,2020-11-24 22:18:40 UTC
73,Resposta,Skank,1,https://www.youtube.com/watch?v=YczIqE6vaCs#,2020-11-24 22:18:40 UTC,2020-11-24 22:18:40 UTC
74,Algo parecido,Skank,1,https://www.youtube.com/watch?v=NK6na71SvRs#,2020-11-24 22:18:40 UTC,2020-11-24 22:18:40 UTC
75,Singular,Anavitória,1,https://www.youtube.com/watch?v=2XjA6IpvVsg#,2020-11-24 22:18:40 UTC,2020-11-24 22:18:40 UTC
76,Por nós dois,Hiosaki,1,https://www.youtube.com/watch?v=TXa3vggOJks#,2020-11-24 22:18:40 UTC,2020-11-24 22:18:40 UTC
77,Infinita highway,Engenheiros,1,https://www.youtube.com/watch?v=sbgwoYWE3sw#,2020-11-24 22:18:40 UTC,2020-11-24 22:18:40 UTC
78,Me sinto feio,Hiosaki,1,https://www.youtube.com/watch?v=m9oDFhinHM8#,2020-11-24 22:18:40 UTC,2020-11-24 22:18:40 UTC
79,Blues da piedade,Cazuza,1,https://www.youtube.com/watch?v=IA6MmqFTFoc#,2020-11-24 22:18:40 UTC,2020-11-24 22:18:40 UTC
80,Girassol,Whindersson Nunes,1,https://www.youtube.com/watch?v=gVsZ0rwCalo#,2020-11-24 22:18:40 UTC,2020-11-24 22:18:40 UTC
81,Terra de gigantes,Engenheiros do Hawaii,1,https://www.youtube.com/watch?v=oUKgdMbaba4#,2020-11-24 22:18:40 UTC,2020-11-24 22:18:40 UTC
82,Eu preciso fugir daqui,Marcela Veiga,1,https://www.youtube.com/watch?v=NSrncQ_5JCY#,2020-11-24 22:18:40 UTC,2020-11-24 22:18:40 UTC
83,Meu caos,Geovanna Jainy,1,https://www.youtube.com/watch?v=u7zwzJUPFyM#,2020-11-24 22:18:40 UTC,2020-11-24 22:18:40 UTC
84,Somos quem podemos ser,Engenheiros do Hawaii,1,https://www.youtube.com/watch?v=PPOy2-HqYUo#,2020-11-24 22:18:40 UTC,2020-11-24 22:18:40 UTC
85,Eu não tô bem,Geovanna Jainy,1,https://www.youtube.com/watch?v=B8OegR8TgxY#,2020-11-24 22:18:40 UTC,2020-11-24 22:18:40 UTC
86,Desde que o samba é samba,Caetano Veloso,1,https://www.youtube.com/watch?v=M5ZJNyfjPOs#,2020-11-24 22:18:40 UTC,2020-11-24 22:18:40 UTC
87,Desconstrução,Tiago Iorc,1,https://www.youtube.com/watch?v=widtu0mOtqg#,2020-11-24 22:18:40 UTC,2020-11-24 22:18:40 UTC
88,Você não me ensinou a te esquecer,Caetano Veloso,1,https://www.youtube.com/watch?v=WbXKFLiX5fI#,2020-11-24 22:18:40 UTC,2020-11-24 22:18:40 UTC
89,Areia,Sandy e Lucas Lima,1,https://www.youtube.com/watch?v=2tZzx08FlQI#,2020-11-24 22:18:40 UTC,2020-11-24 22:18:40 UTC
90,A paz,Gilberto Gil,1,https://www.youtube.com/watch?v=IKcnZ0KumPI#,2020-11-24 22:18:40 UTC,2020-11-24 22:18:40 UTC
91,Porque eu te amo,Anavitória,1,https://www.youtube.com/watch?v=P2KpkRlrlgc#,2020-11-24 22:18:40 UTC,2020-11-24 22:18:40 UTC
92,Naquela mesa,Nelson Gonçalves,1,https://www.youtube.com/watch?v=nvHJ9ZUSrOk#,2020-11-24 22:18:40 UTC,2020-11-24 22:18:40 UTC
93,Você sempre será,Marjorie Estiano,1,https://www.youtube.com/watch?v=V4AxfY1YWgQ#,2020-11-24 22:18:40 UTC,2020-11-24 22:18:40 UTC
94,Teatro dos Vampiros,Legião Urbana,1,https://www.youtube.com/watch?v=u8DAsgA6MiY#,2020-11-24 22:18:40 UTC,2020-11-24 22:18:40 UTC
95,Eu me perdi de mim,Geovanna Jainy,1,https://www.youtube.com/watch?v=JyJYN8g5WRU#,2020-11-24 22:18:40 UTC,2020-11-24 22:18:40 UTC
96,Giz,Legião Urbana,1,https://www.youtube.com/watch?v=WyJ-SPtXYn8#,2020-11-24 22:18:40 UTC,2020-11-24 22:18:40 UTC
97,Perdoa,Anavitória,1,https://www.youtube.com/watch?v=gi7Kmd_Nt1Y#,2020-11-24 22:18:40 UTC,2020-11-24 22:18:40 UTC
98,Modinha,Tom Jobim,1,https://www.youtube.com/watch?v=Ga90nr0IpyU#,2020-11-24 22:18:40 UTC,2020-11-24 22:18:40 UTC
99,Só sei dançar com você,Tulipa Ruiz,1,https://www.youtube.com/watch?v=UlP0NZX5Ee8#,2020-11-24 22:18:40 UTC,2020-11-24 22:18:40 UTC
100,Apenas um rapaz latino-americano,Belchior,1,https://www.youtube.com/watch?v=sEIR3KdL6tE#,2020-11-24 22:18:40 UTC,2020-11-24 22:18:40 UTC
101,Você mentiu,Anitta e Caetano Veloso,1,https://www.youtube.com/watch?v=_EP3cPBXgso#,2020-11-24 22:18:40 UTC,2020-11-24 22:18:40 UTC
102,Lamento sertanejo,Gilberto Gil,1,https://www.youtube.com/watch?v=ZqNa5GIQmK8#,2020-11-24 22:18:40 UTC,2020-11-24 22:18:40 UTC
103,Olhos Castanhos,Geovanna Jainy,1,https://www.youtube.com/watch?v=DGJs_Gfc78A#,2020-11-24 22:18:40 UTC,2020-11-24 22:18:40 UTC
104,Ai que saudade d´ocê,Geraldo Azevedo,1,https://www.youtube.com/watch?v=-Mf6TEy8qJ8#,2020-11-24 22:18:40 UTC,2020-11-24 22:18:40 UTC
105,Shallow,Lady Gaga & Bradley Cooper,1,https://www.youtube.com/watch?v=iQ8If9JLZVE#,2020-11-24 22:18:40 UTC,2020-11-24 22:18:40 UTC
106,À primeira vista,Chico César,1,https://www.youtube.com/watch?v=2kJH6K8_KeQ#,2020-11-24 22:18:40 UTC,2020-11-24 22:18:40 UTC
107,Flamingos,Baco Exu do Blues,1,https://www.youtube.com/watch?v=FUE4U91FtsQ#,2020-11-24 22:18:40 UTC,2020-11-24 22:18:40 UTC
108,Sinônimos,Zé Ramalho,1,https://www.youtube.com/watch?v=0V_1qv4Am4A#,2020-11-24 22:18:40 UTC,2020-11-24 22:18:40 UTC
109,Girassóis de Van Gogh,Baco Exu do Blues,1,https://www.youtube.com/watch?v=pJSNkr13CWY#,2020-11-24 22:18:40 UTC,2020-11-24 22:18:40 UTC
110,Burguesinha,Seu Jorge,1,https://www.youtube.com/watch?v=79LsT5sAzI8#,2020-11-24 22:18:40 UTC,2020-11-24 22:18:40 UTC
111,"Me desculpa, Jay Z",Baco Exu do Blues,1,https://www.youtube.com/watch?v=BUIGfl_VScE#,2020-11-24 22:18:40 UTC,2020-11-24 22:18:40 UTC
112,O que não se pode explicar aos normais,Catedral,1,https://www.youtube.com/watch?v=vP0PIQ2m3zY#,2020-11-24 22:18:40 UTC,2020-11-24 22:18:40 UTC
113,N,Nando Reis,1,https://www.youtube.com/watch?v=ei_9wUuHs1w#,2020-11-24 22:18:40 UTC,2020-11-24 22:18:40 UTC
114,Não chore mais,Gilberto Gil,1,https://www.youtube.com/watch?v=mPboVlQI6VQ#,2020-11-24 22:18:40 UTC,2020-11-24 22:18:40 UTC
115,Dona de mim,IZA,1,https://www.youtube.com/watch?v=8TrpMbRO8Xc#,2020-11-24 22:18:40 UTC,2020-11-24 22:18:40 UTC
116,Girassol,Alceu Valença,1,https://www.youtube.com/watch?v=pr6U9KC_Wm4#,2020-11-24 22:18:40 UTC,2020-11-24 22:18:40 UTC
117,Ouvi dizer,Melim,1,https://www.youtube.com/watch?v=Dr8-rn9Og08#,2020-11-24 22:18:40 UTC,2020-11-24 22:18:40 UTC
118,Ao vivo e a cores,Matheus e Kauan - Anitta,1,https://www.youtube.com/watch?v=3Kq0hnG_kWs#,2020-11-24 22:18:40 UTC,2020-11-24 22:18:40 UTC
119,Outra vez,Saulo,1,https://www.youtube.com/watch?v=fbjBxi01QOI#,2020-11-24 22:18:40 UTC,2020-11-24 22:18:40 UTC
120,Meu abrigo,Melim,1,https://www.youtube.com/watch?v=Es4sjteNKpw#,2020-11-24 22:18:40 UTC,2020-11-24 22:18:40 UTC
121,O Sol,Vitor Kley,1,https://www.youtube.com/watch?v=wtWvRKCH1lI#,2020-11-24 22:18:40 UTC,2020-11-24 22:18:40 UTC
122,You are not alone,Michael Jackson,1,https://www.youtube.com/watch?v=xADKhi-cUmY#,2020-11-24 22:18:40 UTC,2020-11-24 22:18:40 UTC
123,Ben,Michael Jackson,1,https://www.youtube.com/watch?v=iGyCuMcErzo#,2020-11-24 22:18:40 UTC,2020-11-24 22:18:40 UTC
124,Gita,Raul Seixas,1,https://www.youtube.com/watch?v=YDnA3MhTtUE#,2020-11-24 22:18:40 UTC,2020-11-24 22:18:40 UTC
125,Tigresa,Caetano Veloso,1,https://www.youtube.com/watch?v=0O5rPBmXbI8#,2020-11-24 22:18:40 UTC,2020-11-24 22:18:40 UTC
126,Morena tropicana,Alceu Valença,1,https://www.youtube.com/watch?v=QkYkTzc656A#,2020-11-24 22:18:40 UTC,2020-11-24 22:18:40 UTC
127,Fica tudo bem,Silva e Anitta,1,https://www.youtube.com/watch?v=OI6VSBzM1XM#,2020-11-24 22:18:40 UTC,2020-11-24 22:18:40 UTC
128,Este seu olhar,Tom Jobim,1,https://www.youtube.com/watch?v=mhFI0FAbOBc#,2020-11-24 22:18:40 UTC,2020-11-24 22:18:40 UTC
129,Água de beber,Tom Jobim e Vinícius de Moraes,1,https://www.youtube.com/watch?v=LSUfnj06yJ0#,2020-11-24 22:18:40 UTC,2020-11-24 22:18:40 UTC
130,Insensatez,João Gilberto - Tom Jobim,1,https://www.youtube.com/watch?v=qvw4hJIlrIw#,2020-11-24 22:18:40 UTC,2020-11-24 22:18:40 UTC
131,Feliz,Gonzaguinha,1,https://www.youtube.com/watch?v=3s8jMX-Oe98#,2020-11-24 22:18:40 UTC,2020-11-24 22:18:40 UTC
132,Você não presta,Mallu Magalhães,1,https://www.youtube.com/watch?v=c2zS_RQXKbc#,2020-11-24 22:18:40 UTC,2020-11-24 22:18:40 UTC
133,Parabólica,Engenheiros do Hawaii,1,https://www.youtube.com/watch?v=_AyfsCmsuvw#,2020-11-24 22:18:40 UTC,2020-11-24 22:18:40 UTC
134,Coração mal assombrado,Marília Mendonça,1,https://www.youtube.com/watch?v=gAtaXbOKMmY#,2020-11-24 22:18:40 UTC,2020-11-24 22:18:40 UTC
135,Leãozinho,Caetano Veloso e Maria Gadú,1,https://www.youtube.com/watch?v=u-Ib5U9BVGc#,2020-11-24 22:18:40 UTC,2020-11-24 22:18:40 UTC
136,Corcovado,João Gilberto,1,https://www.youtube.com/watch?v=ebU27OARWb0#,2020-11-24 22:18:40 UTC,2020-11-24 22:18:40 UTC
137,Não precisa,Paula Fernandes,1,https://www.youtube.com/watch?v=jVIqF1a6veE#,2020-11-24 22:18:40 UTC,2020-11-24 22:18:40 UTC
138,Pássaro de fogo,Paula Fernandes,1,https://www.youtube.com/watch?v=Nh5kcqMB2Uk#,2020-11-24 22:18:40 UTC,2020-11-24 22:18:40 UTC
139,Ausência,Marília Mendonça,1,https://www.youtube.com/watch?v=WoEjg9CDKEc#,2020-11-24 22:18:40 UTC,2020-11-24 22:18:40 UTC
140,Apelido carinhoso,Gusttavo Lima,1,https://www.youtube.com/watch?v=kCGumdU5HPE#,2020-11-24 22:18:40 UTC,2020-11-24 22:18:40 UTC
141,"Preciso me encontrar (deixe-me ir, preciso andar...)",Cartola,1,https://www.youtube.com/watch?v=u_fjndof_hs#,2020-11-24 22:18:40 UTC,2020-11-24 22:18:40 UTC
142,Deixa o menino jogar,Natiruts,1,https://www.youtube.com/watch?v=G1J5YQMlO3M#,2020-11-24 22:18:40 UTC,2020-11-24 22:18:40 UTC
143,Drão,Gilberto Gil,1,https://www.youtube.com/watch?v=5aKmjbyJTSs#,2020-11-24 22:18:40 UTC,2020-11-24 22:18:40 UTC
144,Só hoje,J.Quest,1,https://www.youtube.com/watch?v=0dM6oGdIia4#,2020-11-24 22:18:40 UTC,2020-11-24 22:18:40 UTC
145,Te vi na rua ontem,Konai,1,https://www.youtube.com/watch?v=7D63RbmktTQ#,2020-11-24 22:18:40 UTC,2020-11-24 22:18:40 UTC
146,Coisas que eu sei,Danni Carlos,1,https://www.youtube.com/watch?v=gFXVErSAAOY#,2020-11-24 22:18:40 UTC,2020-11-24 22:18:40 UTC
147,Back to black,Amy Winehouse,1,https://www.youtube.com/watch?v=Q2XJjLFOznQ#,2020-11-24 22:18:40 UTC,2020-11-24 22:18:40 UTC
148,Nada por mim,Kid Abelha,1,https://www.youtube.com/watch?v=Jd7rrSCaqj8#,2020-11-24 22:18:40 UTC,2020-11-24 22:18:40 UTC
149,Dona Maria,Thiago Brava,1,https://www.youtube.com/watch?v=hMaicGviEeA#,2020-11-24 22:18:40 UTC,2020-11-24 22:18:40 UTC
150,O tempo não para,Cazuza,1,https://www.youtube.com/watch?v=8ZfD3JaueE8#,2020-11-24 22:18:40 UTC,2020-11-24 22:18:40 UTC
151,Onde anda você,Vinicius de Moraes,1,https://www.youtube.com/watch?v=TIbrSaft0J4#,2020-11-24 22:18:40 UTC,2020-11-24 22:18:40 UTC
152,Pra sonhar,Marcelo Jeneci,1,https://www.youtube.com/watch?v=9z0X_jXLVMA#,2020-11-24 22:18:40 UTC,2020-11-24 22:18:40 UTC
153,Como eu quero,Kid Abelha,1,https://www.youtube.com/watch?v=NxiKn8ZnJX0#,2020-11-24 22:18:40 UTC,2020-11-24 22:18:40 UTC
154,"Quem te viu, quem te vê",Chico Buarque,1,https://www.youtube.com/watch?v=89P6ZVtreys#,2020-11-24 22:18:40 UTC,2020-11-24 22:18:40 UTC
155,Indestrutível,Pabllo Vittar,1,https://www.youtube.com/watch?v=LKvONihDC_I#,2020-11-24 22:18:40 UTC,2020-11-24 22:18:40 UTC
156,Apesar de você,Chico Buarque,1,https://www.youtube.com/watch?v=8QNEyzWHNQo#,2020-11-24 22:18:40 UTC,2020-11-24 22:18:40 UTC
157,Dois rios,Skank,1,https://www.youtube.com/watch?v=VsMZG44KQWw#,2020-11-24 22:18:40 UTC,2020-11-24 22:18:40 UTC
158,A droga do amor,Ari,1,https://www.youtube.com/watch?v=c5DjRBAWpi0#,2020-11-24 22:18:40 UTC,2020-11-24 22:18:40 UTC
159,Olhos nos olhos,Chico Buarque,1,https://www.youtube.com/watch?v=xjEPHxHxX4E#,2020-11-24 22:18:40 UTC,2020-11-24 22:18:40 UTC
160,João e Maria,Chico Buarque - Sivuca,1,https://www.youtube.com/watch?v=ZgpdX5p4kmk#,2020-11-24 22:18:40 UTC,2020-11-24 22:18:40 UTC
161,Strangers in the night,Frank Sinatra,1,https://www.youtube.com/watch?v=UqBoPDpzBPY#,2020-11-24 22:18:40 UTC,2020-11-24 22:18:40 UTC
162,Seja para mim,Maneva,1,https://www.youtube.com/watch?v=7mi5XyTBZZQ#,2020-11-24 22:18:40 UTC,2020-11-24 22:18:40 UTC
163,Fica,Anavitória,1,https://www.youtube.com/watch?v=KCPToMZTNMc#,2020-11-24 22:18:40 UTC,2020-11-24 22:18:40 UTC
164,Quase um segundo,Paralamas,1,https://www.youtube.com/watch?v=errdQ9k4Jho#,2020-11-24 22:18:40 UTC,2020-11-24 22:18:40 UTC
165,Eu sei que vou te amar,Tom Jobim e Vinícius de Moraes,1,https://www.youtube.com/watch?v=Cm4_fJl6-14#,2020-11-24 22:18:40 UTC,2020-11-24 22:18:40 UTC
166,Segredos,Frejat,1,https://www.youtube.com/watch?v=WAN9JpZSjck#,2020-11-24 22:18:40 UTC,2020-11-24 22:18:40 UTC
167,Era uma vez,Kell Smith,1,https://www.youtube.com/watch?v=gyEJvGqQL-c#,2020-11-24 22:18:40 UTC,2020-11-24 22:18:40 UTC
168,Me chama,Lobão,1,https://www.youtube.com/watch?v=usv7QmYfikg#,2020-11-24 22:18:40 UTC,2020-11-24 22:18:40 UTC
169,Good Vibes,Luisa Sonza,1,https://www.youtube.com/watch?v=FM6ToqSlXlk#,2020-11-24 22:18:40 UTC,2020-11-24 22:18:40 UTC
170,Detalhes,Roberto Carlos,1,https://www.youtube.com/watch?v=Mobd6X1urJc#,2020-11-24 22:18:40 UTC,2020-11-24 22:18:40 UTC
171,Flor e o beija-flor,Henrique e Juliano (part. Marília Mendonça),1,https://www.youtube.com/watch?v=9HiP0V0McPA#,2020-11-24 22:18:40 UTC,2020-11-24 22:18:40 UTC
172,Sozinho,Caetano Veloso,1,https://www.youtube.com/watch?v=zeBab6Gy0rg#,2020-11-24 22:18:40 UTC,2020-11-24 22:18:40 UTC
173,Eu sei de cor,Marília Mendonça,1,https://www.youtube.com/watch?v=sx6b_vUyWzs#,2020-11-24 22:18:40 UTC,2020-11-24 22:18:40 UTC
174,Deixe-me ir,1 Kilo,1,https://www.youtube.com/watch?v=z3ALttrRUao#,2020-11-24 22:18:40 UTC,2020-11-24 22:18:40 UTC
175,"Carinhoso (Meu coração, não sei por quê...)",Pixinguinha,1,https://www.youtube.com/watch?v=ZMaoawbbOg8#,2020-11-24 22:18:40 UTC,2020-11-24 22:18:40 UTC
176,Faroeste Caboclo,Legião Urbana,1,https://www.youtube.com/watch?v=eEImHWRr_y0#,2020-11-24 22:18:40 UTC,2020-11-24 22:18:40 UTC
177,Águas de março,Tom Jobim,1,https://www.youtube.com/watch?v=RjkeCJYcKiI#,2020-11-24 22:18:40 UTC,2020-11-24 22:18:40 UTC
178,Outra vida,Armandinho,1,https://www.youtube.com/watch?v=8Jx-iVoub84#,2020-11-24 22:18:40 UTC,2020-11-24 22:18:40 UTC
179,Índios,Legião Urbana,1,https://www.youtube.com/watch?v=zlRjPiOTQNE#,2020-11-24 22:18:40 UTC,2020-11-24 22:18:40 UTC
180,Entre a serpente e a estrela,Zé Ramalho,1,https://www.youtube.com/watch?v=U9EP7s5pT7U#,2020-11-24 22:18:40 UTC,2020-11-24 22:18:40 UTC
181,Pensando em você,Pimentas do Reino,1,https://www.youtube.com/watch?v=wXo0GJn8n-Y#,2020-11-24 22:18:40 UTC,2020-11-24 22:18:40 UTC
182,Se todos fossem iguais a você,Tom Jobim e Vinicius de Moraes,1,https://www.youtube.com/watch?v=vvJOHQbBZz0#,2020-11-24 22:18:40 UTC,2020-11-24 22:18:40 UTC
183,Piscar o olho,Tiê,1,https://www.youtube.com/watch?v=5m3angqxDFc#,2020-11-24 22:18:40 UTC,2020-11-24 22:18:40 UTC
184,Há tempos,Legião Urbana,1,https://www.youtube.com/watch?v=BgVg9pfh6zY#,2020-11-24 22:18:40 UTC,2020-11-24 22:18:40 UTC
185,Eu sei,Legião Urbana,1,https://www.youtube.com/watch?v=y7qS8HBl_sc#,2020-11-24 22:18:40 UTC,2020-11-24 22:18:40 UTC
186,Trevo (tu),Anavitória,1,https://www.youtube.com/watch?v=3lIcFXjKp94#,2020-11-24 22:18:40 UTC,2020-11-24 22:18:40 UTC
187,Minha felicidade,Roberta Campos,1,https://www.youtube.com/watch?v=ALW0VFPELtU#,2020-11-24 22:18:40 UTC,2020-11-24 22:18:40 UTC
188,Medo Bobo,Maiara e Maraísa,1,https://www.youtube.com/watch?v=wmr3uqTssdk#,2020-11-24 22:18:40 UTC,2020-11-24 22:18:40 UTC
189,De janeiro a janeiro,Roberta campos - Nando Reis,1,https://www.youtube.com/watch?v=E2ZlcvsYBOM#,2020-11-24 22:18:40 UTC,2020-11-24 22:18:40 UTC
190,Como nossos pais,Elis Regina (Belchior),1,https://www.youtube.com/watch?v=rhHabpBtnKs#,2020-11-24 22:18:40 UTC,2020-11-24 22:18:40 UTC
191,Poemas que colori,Mariana Nolasco,1,https://www.youtube.com/watch?v=KZ2WjvcRy7E#,2020-11-24 22:18:40 UTC,2020-11-24 22:18:40 UTC
192,Correnteza,Djavan,1,https://www.youtube.com/watch?v=cRxYm47D64g#,2020-11-24 22:18:40 UTC,2020-11-24 22:18:40 UTC
193,Me espera,Sandy Tiago Iorc,1,https://www.youtube.com/watch?v=OkpRnUho37c#,2020-11-24 22:18:40 UTC,2020-11-24 22:18:40 UTC
194,Primavera,Tim Maia,1,https://www.youtube.com/watch?v=5ogmAT9AFAw#,2020-11-24 22:18:40 UTC,2020-11-24 22:18:40 UTC
195,Come as you are,Nirvana,1,https://www.youtube.com/watch?v=4ZCJgX8Oq8Y#,2020-11-24 22:18:40 UTC,2020-11-24 22:18:40 UTC
196,Bang,Tiago Iorc,1,https://www.youtube.com/watch?v=HuaA7bxpMdI#,2020-11-24 22:18:40 UTC,2020-11-24 22:18:40 UTC
197,Tocando em frente,Almir Sater,1,https://www.youtube.com/watch?v=AXzQ8bVEmfI#,2020-11-24 22:18:40 UTC,2020-11-24 22:18:40 UTC
198,É isso aí,Ana Carolina e Seu Jorge,1,https://www.youtube.com/watch?v=u3xreIuskt8#,2020-11-24 22:18:40 UTC,2020-11-24 22:18:40 UTC
199,Eu amo você,Tim Maia,1,https://www.youtube.com/watch?v=pSWOJsu5vlw#,2020-11-24 22:18:40 UTC,2020-11-24 22:18:40 UTC
200,Azul da cor do mar,Tim Maia,1,https://www.youtube.com/watch?v=H92hk_aFXew#,2020-11-24 22:18:40 UTC,2020-11-24 22:18:40 UTC
201,Deu onda,MC G15,1,https://www.youtube.com/watch?v=885um3gRdDw#,2020-11-24 22:18:40 UTC,2020-11-24 22:18:40 UTC
202,Só Agradece,Marina Peralta,1,https://www.youtube.com/watch?v=F7_3jtDnwBE#,2020-11-24 22:18:40 UTC,2020-11-24 22:18:40 UTC
203,Trem-Bala,Ana Vilela,1,https://www.youtube.com/watch?v=PtDd0af1Aio#,2020-11-24 22:18:40 UTC,2020-11-24 22:18:40 UTC
204,Um certo alguém,Lulu Santos,1,https://www.youtube.com/watch?v=oTjcX_0Mw7c#,2020-11-24 22:18:40 UTC,2020-11-24 22:18:40 UTC
205,Amei te ver,Tiago Iorc,1,https://www.youtube.com/watch?v=HrL4eEraxJs#,2020-11-24 22:18:40 UTC,2020-11-24 22:18:40 UTC
206,Coisa Linda,Tiago Iorc,1,https://www.youtube.com/watch?v=oIs3NitUdOs#,2020-11-24 22:18:40 UTC,2020-11-24 22:18:40 UTC
207,Eduardo e Mônica,Legião Urbana,1,https://www.youtube.com/watch?v=l4preSy0hvw#,2020-11-24 22:18:40 UTC,2020-11-24 22:18:40 UTC
208,Você me encantou demais,Natiruts,1,https://www.youtube.com/watch?v=hiSgkDWCE6w#,2020-11-24 22:18:40 UTC,2020-11-24 22:18:40 UTC
209,Garoto de aluguel,Zé Ramalho,1,https://www.youtube.com/watch?v=cmWO6fOPbCo#,2020-11-24 22:18:40 UTC,2020-11-24 22:18:40 UTC
210,Maior,Dani Black,1,https://www.youtube.com/watch?v=teK1CHDYZok#,2020-11-24 22:18:40 UTC,2020-11-24 22:18:40 UTC
211,Talvez,LS Jack,1,https://www.youtube.com/watch?v=_Lz7vco0m2g#,2020-11-24 22:18:40 UTC,2020-11-24 22:18:40 UTC
212,Mas que nada,Jorge Ben Jor,1,https://www.youtube.com/watch?v=FqMjtznpXT4#,2020-11-24 22:18:40 UTC,2020-11-24 22:18:40 UTC
213,Tanto,Skank,1,https://www.youtube.com/watch?v=X8NxhhMNv_g#,2020-11-24 22:18:40 UTC,2020-11-24 22:18:40 UTC
214,Voce,Tim Maia com Violao,1,https://www.youtube.com/watch?v=pW0BVgiMoe8#,2020-11-24 22:18:40 UTC,2020-11-24 22:18:40 UTC
215,Paciencia,Lenine,1,https://www.youtube.com/watch?v=4StkrVy4tPg#,2020-11-24 22:18:40 UTC,2020-11-24 22:18:40 UTC
216,Oh chuva,Planta e Raiz,1,https://www.youtube.com/watch?v=0N3_MMB9PYk#,2020-11-24 22:18:40 UTC,2020-11-24 22:18:40 UTC
217,Fico assim sem você,Adriana Calcanhoto,1,https://www.youtube.com/watch?v=-UnEGZ1ox80#,2020-11-24 22:18:40 UTC,2020-11-24 22:18:40 UTC
218,Fly me to the moon,Frank Sinatra,1,https://www.youtube.com/watch?v=6B11VBrfRa4#,2020-11-24 22:18:40 UTC,2020-11-24 22:18:40 UTC
219,Meu erro,Paralamas,1,https://www.youtube.com/watch?v=F0WGtW-8qsw#,2020-11-24 22:18:40 UTC,2020-11-24 22:18:40 UTC
220,Altar Particular,Maria Gadu,1,https://www.youtube.com/watch?v=ErU5Ou5XTko#,2020-11-24 22:18:40 UTC,2020-11-24 22:18:40 UTC
221,Pisando descalço,Maneva,1,https://www.youtube.com/watch?v=nFLHU3QHAGo#,2020-11-24 22:18:40 UTC,2020-11-24 22:18:40 UTC
222,Velha e Louca,Mallu Magalhães,1,https://www.youtube.com/watch?v=dxaLwoxjb34#,2020-11-24 22:18:40 UTC,2020-11-24 22:18:40 UTC
223,"Mina, se liga",Whindersson Nunes,1,https://www.youtube.com/watch?v=rf72aa6ZD1c#,2020-11-24 22:18:40 UTC,2020-11-24 22:18:40 UTC
224,Com que roupa,Noel Rosa,1,https://www.youtube.com/watch?v=ahzUZS8ZmmY#,2020-11-24 22:18:40 UTC,2020-11-24 22:18:40 UTC
225,Amianto,Supercombo,1,https://www.youtube.com/watch?v=n_kQTNOF4jI#,2020-11-24 22:18:40 UTC,2020-11-24 22:18:40 UTC
226,Beatles,Love me do,1,https://www.youtube.com/watch?v=4c4QhU_kRJw#,2020-11-24 22:18:40 UTC,2020-11-24 22:18:40 UTC
227,Jura,Noel Rosa (Zeca Pagodinho),1,https://www.youtube.com/watch?v=IV0gGTwnhJc#,2020-11-24 22:18:40 UTC,2020-11-24 22:18:40 UTC
228,Amy Winehouse,Back to black,1,https://www.youtube.com/watch?v=qNxoz3CUAO8#,2020-11-24 22:18:40 UTC,2020-11-24 22:18:40 UTC
229,Seu olhar,Seu Jorge,1,https://www.youtube.com/watch?v=Rz0ICC_OqHo#,2020-11-24 22:18:40 UTC,2020-11-24 22:18:40 UTC
230,All about that bass,Meghan Trainor,1,https://www.youtube.com/watch?v=dC2eO2ILldg#,2020-11-24 22:18:40 UTC,2020-11-24 22:18:40 UTC
231,Anjo,Banda Eva,1,https://www.youtube.com/watch?v=r-OosyldEiY#,2020-11-24 22:18:40 UTC,2020-11-24 22:18:40 UTC
232,O bebado e a equilibrista,João Bosco,1,https://www.youtube.com/watch?v=-y1mYBMWtcQ#,2020-11-24 22:18:40 UTC,2020-11-24 22:18:40 UTC
233,Cheguei em paz,Nelsinho Moralle,1,https://www.youtube.com/watch?v=XaTSFoHDapk#,2020-11-24 22:18:40 UTC,2020-11-24 22:18:40 UTC
234,Por onde andei,Nando Reis,1,https://www.youtube.com/watch?v=vyL11Z-v180#,2020-11-24 22:18:40 UTC,2020-11-24 22:18:40 UTC
235,Envolvidão,Rael da Rima,1,https://www.youtube.com/watch?v=FBv4ehcQ-bM#,2020-11-24 22:18:40 UTC,2020-11-24 22:18:40 UTC
236,Papel machê,João Bosco,1,https://www.youtube.com/watch?v=ijcNZMxs8IY#,2020-11-24 22:18:40 UTC,2020-11-24 22:18:40 UTC
237,You,Silvering,1,https://www.youtube.com/watch?v=iRj3V7dSgPk#,2020-11-24 22:18:40 UTC,2020-11-24 22:18:40 UTC
238,Eu te desejo,Nelsinho Moralle,1,https://www.youtube.com/watch?v=zIC_2j4357g#,2020-11-24 22:18:40 UTC,2020-11-24 22:18:40 UTC
239,Everlong,Foo Fighters,1,https://www.youtube.com/watch?v=c8LlI209UPM#,2020-11-24 22:18:40 UTC,2020-11-24 22:18:40 UTC
240,Preto e Branco,Bruninho e Davi,1,https://www.youtube.com/watch?v=MlbjYyOYDwU#,2020-11-24 22:18:40 UTC,2020-11-24 22:18:40 UTC
241,Carta ao Tom 74,Toquinho e Vinícius,1,https://www.youtube.com/watch?v=zGGNEO1U264#,2020-11-24 22:18:40 UTC,2020-11-24 22:18:40 UTC
242,Ela me faz,Rael da Rima,1,https://www.youtube.com/watch?v=QovYjeZpClU#,2020-11-24 22:18:40 UTC,2020-11-24 22:18:40 UTC
243,Viajante,Ney Matogrosso,1,https://www.youtube.com/watch?v=_enoK6qBxWc#,2020-11-24 22:18:40 UTC,2020-11-24 22:18:40 UTC
244,Desenho de Deus,Armandinho,1,https://www.youtube.com/watch?v=FpegJ5Luav4#,2020-11-24 22:18:40 UTC,2020-11-24 22:18:40 UTC
245,O Sol,Jota Quest,1,https://www.youtube.com/watch?v=-9OBY4I0awc#,2020-11-24 22:18:40 UTC,2020-11-24 22:18:40 UTC
246,Highwayman,White Buffalo,1,https://www.youtube.com/watch?v=Jt4sgVNv5S8#,2020-11-24 22:18:40 UTC,2020-11-24 22:18:40 UTC
247,Quando fui chuva,Maria Gadu,1,https://www.youtube.com/watch?v=K0qzhJB79kY#,2020-11-24 22:18:40 UTC,2020-11-24 22:18:40 UTC
248,Tolices,Ira,1,https://www.youtube.com/watch?v=KR5G1Vh_sEc#,2020-11-24 22:18:40 UTC,2020-11-24 22:18:40 UTC
249,Amor meu grande amor,Ângela Rô Rô,1,https://www.youtube.com/watch?v=aw6rXwv-rro#,2020-11-24 22:18:40 UTC,2020-11-24 22:18:40 UTC
250,Moça do moço,Iridio e Irineu,1,https://www.youtube.com/watch?v=W73tV7XkVsc#,2020-11-24 22:18:40 UTC,2020-11-24 22:18:40 UTC
251,Versos Simples,Chimarruts,1,https://www.youtube.com/watch?v=hRSY5bQ2FmU#,2020-11-24 22:18:40 UTC,2020-11-24 22:18:40 UTC
252,When we were younger,SOJA,1,https://www.youtube.com/watch?v=fASMHflmMOk#,2020-11-24 22:18:40 UTC,2020-11-24 22:18:40 UTC
253,Léo e Bia,Oswaldo Montenegro,1,https://www.youtube.com/watch?v=lowC8Lyu2js#,2020-11-24 22:18:40 UTC,2020-11-24 22:18:40 UTC
254,"Sorri, sou rei",Natiruts,1,https://www.youtube.com/watch?v=U3c7cvXJ4Oo#,2020-11-24 22:18:40 UTC,2020-11-24 22:18:40 UTC
255,Só quero te namorar,Leci Brandão,1,https://www.youtube.com/watch?v=An4weQHU7FM#,2020-11-24 22:18:40 UTC,2020-11-24 22:18:40 UTC
256,Pauapixuna,Fafá de Belém,1,https://www.youtube.com/watch?v=HBJMoG1OQsg#,2020-11-24 22:18:40 UTC,2020-11-24 22:18:40 UTC
257,Me namora,Natiruts/ Edu Ribeiro,1,https://www.youtube.com/watch?v=8PCL8eOWuw4#,2020-11-24 22:18:40 UTC,2020-11-24 22:18:40 UTC
258,Chorando e cantando (Quando fevereiro chegar...),Geraldo Azevedo,1,https://www.youtube.com/watch?v=SrQFTFeYSVQ#,2020-11-24 22:18:40 UTC,2020-11-24 22:18:40 UTC
259,Sambinha Bom,Mallu Magalhães,1,https://www.youtube.com/watch?v=oIm-ijFgND0#,2020-11-24 22:18:40 UTC,2020-11-24 22:18:40 UTC
260,Meninas do Brasil,Moraes Moreira,1,https://www.youtube.com/watch?v=V_cnXquX6Yc#,2020-11-24 22:18:40 UTC,2020-11-24 22:18:40 UTC
261,Como faz,Flora Matos,1,https://www.youtube.com/watch?v=NJpijJFHsu8#,2020-11-24 22:18:40 UTC,2020-11-24 22:18:40 UTC
262,A Thousand Years,Christina Perri,1,https://www.youtube.com/watch?v=b4soOp1eqqc#,2020-11-24 22:18:40 UTC,2020-11-24 22:18:40 UTC
263,À sua maneira,Capital Inicial,1,https://www.youtube.com/watch?v=U6TLfeOQULg#,2020-11-24 22:18:40 UTC,2020-11-24 22:18:40 UTC
264,As vitrines,Chico Buarque,1,https://www.youtube.com/watch?v=NpA8qw3utzs#,2020-11-24 22:18:40 UTC,2020-11-24 22:18:40 UTC
265,Sutilmente,Skank,1,https://www.youtube.com/watch?v=IyJennPUjlA#,2020-11-24 22:18:40 UTC,2020-11-24 22:18:40 UTC
266,Wonderwall,Oasis,1,https://www.youtube.com/watch?v=7obdEXXSFDs#,2020-11-24 22:18:40 UTC,2020-11-24 22:18:40 UTC
267,Garotos II,Leoni,1,https://www.youtube.com/watch?v=Chg5-PTszcc#,2020-11-24 22:18:40 UTC,2020-11-24 22:18:40 UTC
268,Como magica,Naldo & Lula,1,https://www.youtube.com/watch?v=Yyt-iZIz4kM#,2020-11-24 22:18:40 UTC,2020-11-24 22:18:40 UTC
269,Tão Linda,Whindersson Nunes,1,https://www.youtube.com/watch?v=PVPtmZjMovU#,2020-11-24 22:18:40 UTC,2020-11-24 22:18:40 UTC
270,De perto,Paralamas,1,https://www.youtube.com/watch?v=rmBPbpJ8Hfo#,2020-11-24 22:18:40 UTC,2020-11-24 22:18:40 UTC
271,Olhos coloridos,Sandra de Sá,1,https://www.youtube.com/watch?v=b4KkDHKSw0c#,2020-11-24 22:18:40 UTC,2020-11-24 22:18:40 UTC
272,Vem andar comigo,Jota Quest,1,https://www.youtube.com/watch?v=GY1jq_qXEUc#,2020-11-24 22:18:40 UTC,2020-11-24 22:18:40 UTC
273,Capitão gancho,Clarice Falcão,1,https://www.youtube.com/watch?v=DciDhrGQoGA#,2020-11-24 22:18:40 UTC,2020-11-24 22:18:40 UTC
274,Último romance,Los Hermanos,1,https://www.youtube.com/watch?v=7LhsYYb6q4M#,2020-11-24 22:18:40 UTC,2020-11-24 22:18:40 UTC
275,Fotografia,Leoni,1,https://www.youtube.com/watch?v=syB7DK2npSQ#,2020-11-24 22:18:40 UTC,2020-11-24 22:18:40 UTC
276,Exagerado,Cazuza,1,https://www.youtube.com/watch?v=gcEadMleKR0#,2020-11-24 22:18:40 UTC,2020-11-24 22:18:40 UTC
277,Linda louca e mimada,Oriente,1,https://www.youtube.com/watch?v=4RxQAA9AiFc#,2020-11-24 22:18:40 UTC,2020-11-24 22:18:40 UTC
278,Mulher,Projota,1,https://www.youtube.com/watch?v=uPFeR-RS_YY#,2020-11-24 22:18:40 UTC,2020-11-24 22:18:40 UTC
279,Gostava tanto de voce,Tim Maia,1,https://www.youtube.com/watch?v=ARD9zvIdR44#,2020-11-24 22:18:40 UTC,2020-11-24 22:18:40 UTC
280,Quase sem querer,Legião Urbana,1,https://www.youtube.com/watch?v=B5Jr0Zrri0E#,2020-11-24 22:18:40 UTC,2020-11-24 22:18:40 UTC
281,Todo amor que houver nessa vida,Cazuza (V. Cássia Eller),1,https://www.youtube.com/watch?v=Y_GlXk76cfY#,2020-11-24 22:18:40 UTC,2020-11-24 22:18:40 UTC
282,Primeiros erros,Capital Inicial,1,https://www.youtube.com/watch?v=IfAm58xGP98#,2020-11-24 22:18:40 UTC,2020-11-24 22:18:40 UTC
283,Esquadros,Adriana Calcanhoto,1,https://www.youtube.com/watch?v=dPiJxP5zgME#,2020-11-24 22:18:40 UTC,2020-11-24 22:18:40 UTC
284,Ainda bem,Marisa Monte,1,https://www.youtube.com/watch?v=ky3BJdnXR5k#,2020-11-24 22:18:40 UTC,2020-11-24 22:18:40 UTC
285,O poeta está vivo,Barão Vermelho,1,https://www.youtube.com/watch?v=33zjBRQilVU#,2020-11-24 22:18:40 UTC,2020-11-24 22:18:40 UTC
286,Vambora,Adriana Calcanhoto,1,https://www.youtube.com/watch?v=e5yKM6e5kK8#,2020-11-24 22:18:40 UTC,2020-11-24 22:18:40 UTC
287,Me dê motivo,Tim Maia,1,https://www.youtube.com/watch?v=akJ3zXABFoc#,2020-11-24 22:18:40 UTC,2020-11-24 22:18:40 UTC
288,Hoje a noite não tem luar,Renato Russo,1,https://www.youtube.com/watch?v=AeSAPNnXlbE#,2020-11-24 22:18:40 UTC,2020-11-24 22:18:40 UTC
289,More than words,Extreme,1,https://www.youtube.com/watch?v=ATqJpDEqsOk#,2020-11-24 22:18:40 UTC,2020-11-24 22:18:40 UTC
290,Wish you were here,Pink Floyd,1,https://www.youtube.com/watch?v=bQzYQiGgZ3s#,2020-11-24 22:18:40 UTC,2020-11-24 22:18:40 UTC
291,Vi mamãe na areia,Mariene de Castro,1,https://www.youtube.com/watch?v=dhglacPg1GE#,2020-11-24 22:18:40 UTC,2020-11-24 22:18:40 UTC
292,Pra voce guardei o amor,Nando Reis,1,https://www.youtube.com/watch?v=hJVLwVa0d8E#,2020-11-24 22:18:40 UTC,2020-11-24 22:18:40 UTC
293,Nós,Cássia Eller,1,https://www.youtube.com/watch?v=8sSQZafedOM#,2020-11-24 22:18:40 UTC,2020-11-24 22:18:40 UTC
294,Nao deixe o samba morrer,Alcione,1,https://www.youtube.com/watch?v=Otpi58eM9Kc#,2020-11-24 22:18:40 UTC,2020-11-24 22:18:40 UTC
295,De todos os loucos do mundo,Clarice Falcão,1,https://www.youtube.com/watch?v=AU-Wh2KekUk#,2020-11-24 22:18:40 UTC,2020-11-24 22:18:40 UTC
296,Oitavo andar,Clarice Falcão,1,https://www.youtube.com/watch?v=gBVKfrZR-4c#,2020-11-24 22:18:40 UTC,2020-11-24 22:18:40 UTC
297,Minha Alma,O Rappa,1,https://www.youtube.com/watch?v=7jiBJMamYX8#,2020-11-24 22:18:40 UTC,2020-11-24 22:18:40 UTC
298,Não vá embora,Marisa Monte,1,https://www.youtube.com/watch?v=Md4dE7kbRaY#,2020-11-24 22:18:40 UTC,2020-11-24 22:18:40 UTC
299,Eu me lembro,Clarice Falcão,1,https://www.youtube.com/watch?v=kr0hz-8p3Rs#,2020-11-24 22:18:40 UTC,2020-11-24 22:18:40 UTC
300,Refrão de Bolero,Engenheiros do Hawai,1,https://www.youtube.com/watch?v=uDX-PCWt9vg#,2020-11-24 22:18:40 UTC,2020-11-24 22:18:40 UTC
301,Abre caminho,Mariene de Castro,1,https://www.youtube.com/watch?v=TAySAxz2gNE#,2020-11-24 22:18:40 UTC,2020-11-24 22:18:40 UTC
302,O que eu bebi,Clarice Falcão,1,https://www.youtube.com/watch?v=vhDOI-bJwUo#,2020-11-24 22:18:40 UTC,2020-11-24 22:18:40 UTC
303,Macaé,Clarice Falcão,1,https://www.youtube.com/watch?v=q5_RwzHwaGg#,2020-11-24 22:18:40 UTC,2020-11-24 22:18:40 UTC
304,Odara,Caetano Veloso,1,https://www.youtube.com/watch?v=xCXqnTaQvDs#,2020-11-24 22:18:40 UTC,2020-11-24 22:18:40 UTC
305,Tudo diferente,Maria Gadú,1,https://www.youtube.com/watch?v=5YWclkN7oAM#,2020-11-24 22:18:40 UTC,2020-11-24 22:18:40 UTC
306,Será,Legião Urbana,1,https://www.youtube.com/watch?v=Dm8eRSL8N5c#,2020-11-24 22:18:40 UTC,2020-11-24 22:18:40 UTC
307,Você é linda,Caetano Veloso,1,https://www.youtube.com/watch?v=Uzf_dzesx-A#,2020-11-24 22:18:40 UTC,2020-11-24 22:18:40 UTC
308,Pescador de Ilusões,O Rappa,1,https://www.youtube.com/watch?v=0TgWULulSUc#,2020-11-24 22:18:40 UTC,2020-11-24 22:18:40 UTC
309,Trem das onze,Adoniran Barbosa,1,https://www.youtube.com/watch?v=sepKdlsX8G0#,2020-11-24 22:18:40 UTC,2020-11-24 22:18:40 UTC
310,Joao de Barro,Maria Gadú (Leandro Léo),1,https://www.youtube.com/watch?v=dL_9XXp8COM#,2020-11-24 22:18:40 UTC,2020-11-24 22:18:40 UTC
311,Que pena,Jorge Ben Jor,1,https://www.youtube.com/watch?v=6RwYEDdvsDE#,2020-11-24 22:18:40 UTC,2020-11-24 22:18:40 UTC
312,Bela Flor,Maria Gadú,1,https://www.youtube.com/watch?v=Ov-RVhu3gks#,2020-11-24 22:18:40 UTC,2020-11-24 22:18:40 UTC
313,Cara Valente,Maria Rita,1,https://www.youtube.com/watch?v=qTdAE1LexWQ#,2020-11-24 22:18:40 UTC,2020-11-24 22:18:40 UTC
314,Sampa,Caetano Veloso,1,https://www.youtube.com/watch?v=-XMsQArt1DU#,2020-11-24 22:18:40 UTC,2020-11-24 22:18:40 UTC
315,Rodo cotidiano,O Rappa acústico,1,https://www.youtube.com/watch?v=18sy6rtPlUc#,2020-11-24 22:18:40 UTC,2020-11-24 22:18:40 UTC
316,Codinome Beija-flor,Cazuza,1,https://www.youtube.com/watch?v=cFXEu7FkShM#,2020-11-24 22:18:40 UTC,2020-11-24 22:18:40 UTC
317,All Star,Nando Reis,1,https://www.youtube.com/watch?v=Xkjvf3M29D0#,2020-11-24 22:18:40 UTC,2020-11-24 22:18:40 UTC
318,Maio,Kid Abelha,1,https://www.youtube.com/watch?v=LgalMywrDbE#,2020-11-24 22:18:40 UTC,2020-11-24 22:18:40 UTC
319,Grand´Hotel,Kid Abelha,1,https://www.youtube.com/watch?v=LEcOgC8krwU#,2020-11-24 22:18:40 UTC,2020-11-24 22:18:40 UTC
320,Leve com você,Natiruts,1,https://www.youtube.com/watch?v=DJat9YTPIWc#,2020-11-24 22:18:40 UTC,2020-11-24 22:18:40 UTC
321,Dia Especial,Pouca Vogal,1,https://www.youtube.com/watch?v=pzCwdRp0G28#,2020-11-24 22:18:40 UTC,2020-11-24 22:18:40 UTC
322,Devolva me,Adriana Calcanhoto,1,https://www.youtube.com/watch?v=1wByl7J6sbw#,2020-11-24 22:18:40 UTC,2020-11-24 22:18:40 UTC
323,A lua que eu te dei,Herbert Vianna,1,https://www.youtube.com/watch?v=CIW0HvOf188#,2020-11-24 22:18:40 UTC,2020-11-24 22:18:40 UTC
324,Que país é esse,Legião Urbana,1,https://www.youtube.com/watch?v=n93jwIt0w_8#,2020-11-24 22:18:40 UTC,2020-11-24 22:18:40 UTC
325,Andei só,Natiruts,1,https://www.youtube.com/watch?v=lAlhMEGn9v8#,2020-11-24 22:18:40 UTC,2020-11-24 22:18:40 UTC
326,When i was your man,Bruno Mars Acoustic guitar,1,https://www.youtube.com/watch?v=mzM6j9jmjuI#,2020-11-24 22:18:40 UTC,2020-11-24 22:18:40 UTC
327,Aonde quer que eu vá,Paralamas do sucesso- Karaokê,1,https://www.youtube.com/watch?v=LZp0i5hXNuw#,2020-11-24 22:18:40 UTC,2020-11-24 22:18:40 UTC
328,Corra e olhe o céu,Cartola,1,https://www.youtube.com/watch?v=UanpbebBMfM#,2020-11-24 22:18:40 UTC,2020-11-24 22:18:40 UTC
329,Piano bar,Engenheiros do Hawai,1,https://www.youtube.com/watch?v=SYFlQQ6yKB0#,2020-11-24 22:18:40 UTC,2020-11-24 22:18:40 UTC
330,A montanha,Engenheiros do Hawai (Pouca Vogal),1,https://www.youtube.com/watch?v=wJxtm3m7tl0#,2020-11-24 22:18:40 UTC,2020-11-24 22:18:40 UTC
331,Zé do caroço,Seu Jorge,1,https://www.youtube.com/watch?v=Bd6iChEdVBc#,2020-11-24 22:18:40 UTC,2020-11-24 22:18:40 UTC
332,Take on me,Annie B Sweet (A-ha),1,https://www.youtube.com/watch?v=cvwRwYU4YTs#,2020-11-24 22:18:40 UTC,2020-11-24 22:18:40 UTC
333,Velha infância,Tribalistas - Marisa Monte,1,https://www.youtube.com/watch?v=lDaLPv_InjE#,2020-11-24 22:18:40 UTC,2020-11-24 22:18:40 UTC
334,Vilarejo,Marisa Monte,1,https://www.youtube.com/watch?v=Wl749CfJ5Uc#,2020-11-24 22:18:40 UTC,2020-11-24 22:18:40 UTC
335,Quero ser feliz também,Natiruts,1,https://www.youtube.com/watch?v=mV08QohyDIw#,2020-11-24 22:18:40 UTC,2020-11-24 22:18:40 UTC
336,Vamos fugir,Gilberto Gil,1,https://www.youtube.com/watch?v=4s1qUW9LVRY#,2020-11-24 22:18:40 UTC,2020-11-24 22:18:40 UTC
337,Sabiá,Elba Ramalho,1,https://www.youtube.com/watch?v=fBfEZibVahM#,2020-11-24 22:18:40 UTC,2020-11-24 22:18:40 UTC
338,Te vivo,Luan Santana,1,https://www.youtube.com/watch?v=LawaF-mUxrc#,2020-11-24 22:18:40 UTC,2020-11-24 22:18:40 UTC
339,Dona da minha cabeça,Geraldo Azevedo,1,https://www.youtube.com/watch?v=ewhTiAGtgec#,2020-11-24 22:18:40 UTC,2020-11-24 22:18:40 UTC
340,Dia branco,Geraldo Azevedo,1,https://www.youtube.com/watch?v=BHuJLCGbg1A#,2020-11-24 22:18:40 UTC,2020-11-24 22:18:40 UTC
341,O mundo é um moinho,Cartola,1,https://www.youtube.com/watch?v=7V84M42KJTM#,2020-11-24 22:18:40 UTC,2020-11-24 22:18:40 UTC
342,Faz parte do meu show,Cazuza,1,https://www.youtube.com/watch?v=jZirCXasKk8#,2020-11-24 22:18:40 UTC,2020-11-24 22:18:40 UTC
343,Preciso dizer que te amo,Cazuza,1,https://www.youtube.com/watch?v=rDRyEZom3i4#,2020-11-24 22:18:40 UTC,2020-11-24 22:18:40 UTC
344,Garota de Ipanema,Girl from Ipanema,1,https://www.youtube.com/watch?v=6eP0tcjm9bE#,2020-11-24 22:18:40 UTC,2020-11-24 22:18:40 UTC
345,Redemption song,Bob Marley,1,https://www.youtube.com/watch?v=fE4NvKQTyss#,2020-11-24 22:18:40 UTC,2020-11-24 22:18:40 UTC
346,Eu quero sempre mais,Ira - Pitty com 2 Violões,1,https://www.youtube.com/watch?v=OTYiq_onBHw#,2020-11-24 22:18:40 UTC,2020-11-24 22:18:40 UTC
347,Taxi Lunar,Geraldo Azevedo,1,https://www.youtube.com/watch?v=J3kg_fmCqGU#,2020-11-24 22:18:40 UTC,2020-11-24 22:18:40 UTC
348,Chega de Saudade,Tom Jobim e Vinicius de Moraes,1,https://www.youtube.com/watch?v=QHlHF10y34o#,2020-11-24 22:18:40 UTC,2020-11-24 22:18:40 UTC
349,Acima do sol,Skank,1,https://www.youtube.com/watch?v=CJnTrZVSMDc#,2020-11-24 22:18:40 UTC,2020-11-24 22:18:40 UTC
350,Telegrama,Zeca Baleiro,1,https://www.youtube.com/watch?v=HqJaTundw6I#,2020-11-24 22:18:40 UTC,2020-11-24 22:18:40 UTC
351,Segundo Sol,Cássia Eller,1,https://www.youtube.com/watch?v=49BWwmpHF6E#,2020-11-24 22:18:40 UTC,2020-11-24 22:18:40 UTC
352,Luz dos Olhos,Nando Reis,1,https://www.youtube.com/watch?v=QGPSkMYINoo#,2020-11-24 22:18:40 UTC,2020-11-24 22:18:40 UTC
353,Ainda gosto dela,Skank,1,https://www.youtube.com/watch?v=gjaPe6JBRhY#,2020-11-24 22:18:40 UTC,2020-11-24 22:18:40 UTC
354,Chao de giz,Zé Ramalho,1,https://www.youtube.com/watch?v=KHUPNASR_mo#,2020-11-24 22:18:40 UTC,2020-11-24 22:18:40 UTC
355,Malandragem,Cássia Eller,1,https://www.youtube.com/watch?v=rSvJRa2lczo#,2020-11-24 22:18:40 UTC,2020-11-24 22:18:40 UTC
356,Por enquanto (Mudaram as estações...),Cassia Eller,1,https://www.youtube.com/watch?v=nir-yMf21do#,2020-11-24 22:18:40 UTC,2020-11-24 22:18:40 UTC
357,Zen,Anitta,1,https://www.youtube.com/watch?v=AwfCA4j6Ego#,2020-11-24 22:18:40 UTC,2020-11-24 22:18:40 UTC
358,Pais e filhos,Legião Urbana,1,https://www.youtube.com/watch?v=9oU5BwkW724#,2020-11-24 22:18:40 UTC,2020-11-24 22:18:40 UTC
359,Dançando,Pitty,1,https://www.youtube.com/watch?v=MqsYcscE_Uk#,2020-11-24 22:18:40 UTC,2020-11-24 22:18:40 UTC
360,Só os loucos sabem,Charlie Brown Jr,1,https://www.youtube.com/watch?v=X9W32EDfnlo#,2020-11-24 22:18:40 UTC,2020-11-24 22:18:40 UTC
361,Tudo o que voce quiser,Luan Santana,1,https://www.youtube.com/watch?v=8t-l18vK-Kk#,2020-11-24 22:18:40 UTC,2020-11-24 22:18:40 UTC
362,Como é grande o meu amor por você,Roberto Carlos,1,https://www.youtube.com/watch?v=2IfBsEyo8kk#,2020-11-24 22:18:40 UTC,2020-11-24 22:18:40 UTC
363,Na sua estante,Pitty,1,https://www.youtube.com/watch?v=t86FQhJUrPc#,2020-11-24 22:18:40 UTC,2020-11-24 22:18:40 UTC
364,Zoio d´Lula,Charlie Brown Jr,1,https://www.youtube.com/watch?v=tmaf6o-5PXo#,2020-11-24 22:18:40 UTC,2020-11-24 22:18:40 UTC
365,Esperando na Janela,Gilberto Gil,1,https://www.youtube.com/watch?v=hCYVNVn8BTw#,2020-11-24 22:18:40 UTC,2020-11-24 22:18:40 UTC
366,Tarde em Itapuã,Toquinho e Vinicius,1,https://www.youtube.com/watch?v=kb3Y7pUVeRI#,2020-11-24 22:18:40 UTC,2020-11-24 22:18:40 UTC
367,Céu azul,Charlie Brown Jr,2,https://www.youtube.com/watch?v=9R_UF_9cges#,2020-11-24 22:18:40 UTC,2020-11-24 22:18:40 UTC
368,Lanterna dos afogados,Paralamas,2,https://www.youtube.com/watch?v=xifif3OdzTc#,2020-11-24 22:18:40 UTC,2020-11-24 22:18:40 UTC
369,Equalize,Pitty,2,https://www.youtube.com/watch?v=6vsk6143KGg#,2020-11-24 22:18:40 UTC,2020-11-24 22:18:40 UTC
370,Lugar ao Sol,Charlie Brown Jr,2,https://www.youtube.com/watch?v=3ls0QZOmk_U#,2020-11-24 22:18:40 UTC,2020-11-24 22:18:40 UTC
371,Tempo Perdido,Legião Urbana,3,https://www.youtube.com/watch?v=GH1sbmoqXYQ#,2020-11-24 22:18:40 UTC,2020-11-24 22:18:40 UTC
372,Vapor Barato,Gal Costa,3,https://www.youtube.com/watch?v=sviX8gH8q4k#,2020-11-24 22:18:40 UTC,2020-11-24 22:18:40 UTC
373,Anunciação (Tu vens),Alceu Valença,3,https://www.youtube.com/watch?v=vGQofV5-3H8#,2020-11-24 22:18:40 UTC,2020-11-24 22:18:40 UTC
374,La Belle de Jour,Alceu Valença,4,https://www.youtube.com/watch?v=MA20meNnXbM#,2020-11-24 22:18:40 UTC,2020-11-24 22:18:40 UTC
,,,,,,
,,,,,,
,,,,,,
,,,,,,
,,,,,,
,,,,,,
,,,,,,
,,,,,,
,,,,,,
,,,,,,
,,,,,,
,,,,,,
,,,,,,
,,,,,,
,,,,,,
,,,,,,
,,,,,,
,,,,,,
,,,,,,
,,,,,,
,,,,,,
,,,,,,
,,,,,,
,,,,,,
,,,,,,
,,,,,,
,,,,,,
,,,,,,
,,,,,,
,,,,,,
,,,,,,
,,,,,,
,,,,,,
,,,,,,
,,,,,,
,,,,,,
,,,,,,
,,,,,,
,,,,,,
,,,,,,
,,,,,,
,,,,,,
,,,,,,
,,,,,,
,,,,,,
,,,,,,
,,,,,,
,,,,,,
,,,,,,
,,,,,,
,,,,,,
,,,,,,
,,,,,,
,,,,,,
,,,,,,
,,,,,,
,,,,,,
,,,,,,
,,,,,,
,,,,,,
,,,,,,
,,,,,,
,,,,,,
,,,,,,
,,,,,,
,,,,,,
,,,,,,
,,,,,,
,,,,,,
,,,,,,
,,,,,,
,,,,,,
,,,,,,
,,,,,,
,,,,,,
,,,,,,
,,,,,,
,,,,,,
,,,,,,
,,,,,,
,,,,,,
,,,,,,
,,,,,,
,,,,,,
,,,,,,
,,,,,,
,,,,,,
,,,,,,
,,,,,,
,,,,,,
,,,,,,
,,,,,,
,,,,,,
,,,,,,
,,,,,,
,,,,,,
,,,,,,
,,,,,,
,,,,,,
,,,,,,
,,,,,,
,,,,,,
,,,,,,
,,,,,,
,,,,,,
,,,,,,
,,,,,,
,,,,,,
,,,,,,
,,,,,,
,,,,,,
,,,,,,
,,,,,,
,,,,,,
,,,,,,
,,,,,,
,,,,,,
,,,,,,
,,,,,,
,,,,,,
,,,,,,
,,,,,,
,,,,,,
,,,,,,
,,,,,,
,,,,,,
,,,,,,
,,,,,,
,,,,,,
,,,,,,
,,,,,,
,,,,,,
,,,,,,
,,,,,,
,,,,,,
,,,,,,
,,,,,,
,,,,,,
,,,,,,
,,,,,,
,,,,,,
,,,,,,
,,,,,,
,,,,,,
,,,,,,
,,,,,,
,,,,,,
,,,,,,
,,,,,,
,,,,,,
,,,,,,
,,,,,,
,,,,,,
,,,,,,
,,,,,,
,,,,,,
,,,,,,
,,,,,,
,,,,,,
,,,,,,
,,,,,,
,,,,,,
,,,,,,
,,,,,,
,,,,,,
,,,,,,
,,,,,,
,,,,,,
,,,,,,
,,,,,,
,,,,,,
,,,,,,
,,,,,,
,,,,,,
,,,,,,
,,,,,,
,,,,,,
,,,,,,
,,,,,,
,,,,,,
,,,,,,
,,,,,,
,,,,,,
,,,,,,
,,,,,,
,,,,,,
,,,,,,
,,,,,,
,,,,,,
,,,,,,
,,,,,,
,,,,,,
,,,,,,
,,,,,,
,,,,,,
,,,,,,
,,,,,,
,,,,,,
,,,,,,
,,,,,,
,,,,,,
,,,,,,
,,,,,,
,,,,,,
,,,,,,
,,,,,,
,,,,,,
,,,,,,
,,,,,,
,,,,,,
,,,,,,
,,,,,,
,,,,,,
,,,,,,
,,,,,,
,,,,,,
,,,,,,
,,,,,,
,,,,,,
,,,,,,
,,,,,,
,,,,,,
,,,,,,
,,,,,,
,,,,,,
,,,,,,
,,,,,,
,,,,,,
,,,,,,
,,,,,,
,,,,,,
,,,,,,
,,,,,,
,,,,,,
,,,,,,
,,,,,,
,,,,,,
,,,,,,
,,,,,,
,,,,,,
,,,,,,
,,,,,,
,,,,,,
,,,,,,
,,,,,,
,,,,,,
,,,,,,
,,,,,,
,,,,,,
,,,,,,
,,,,,,
,,,,,,
,,,,,,
,,,,,,
,,,,,,
,,,,,,
,,,,,,
,,,,,,
,,,,,,
,,,,,,
,,,,,,
,,,,,,
,,,,,,
,,,,,,
,,,,,,
,,,,,,
,,,,,,
,,,,,,
,,,,,,
,,,,,,
,,,,,,
,,,,,,
,,,,,,
,,,,,,
,,,,,,
,,,,,,
,,,,,,
,,,,,,
,,,,,,
,,,,,,
,,,,,,
,,,,,,
,,,,,,
,,,,,,
,,,,,,
,,,,,,
,,,,,,
,,,,,,
,,,,,,
,,,,,,
,,,,,,
,,,,,,
,,,,,,
,,,,,,
,,,,,,
,,,,,,
,,,,,,
,,,,,,
,,,,,,
,,,,,,
,,,,,,
,,,,,,
,,,,,,
,,,,,,
,,,,,,
,,,,,,
,,,,,,
,,,,,,
,,,,,,
,,,,,,
,,,,,,
,,,,,,
,,,,,,
,,,,,,
,,,,,,
,,,,,,
,,,,,,
,,,,,,
,,,,,,
,,,,,,
,,,,,,
,,,,,,
,,,,,,
,,,,,,
,,,,,,
,,,,,,
,,,,,,
,,,,,,
,,,,,,
,,,,,,
,,,,,,
,,,,,,
,,,,,,
,,,,,,
,,,,,,
,,,,,,
,,,,,,
,,,,,,
,,,,,,
,,,,,,
,,,,,,
,,,,,,
,,,,,,
,,,,,,
,,,,,,
,,,,,,
,,,,,,
,,,,,,
,,,,,,
,,,,,,
,,,,,,
,,,,,,
,,,,,,
,,,,,,
,,,,,,
,,,,,,
,,,,,,
,,,,,,
,,,,,,
,,,,,,
,,,,,,
,,,,,,
,,,,,,
,,,,,,
,,,,,,
,,,,,,
,,,,,,
,,,,,,
,,,,,,
,,,,,,
,,,,,,
,,,,,,
,,,,,,
,,,,,,
,,,,,,
,,,,,,
,,,,,,
,,,,,,
,,,,,,
,,,,,,
,,,,,,
,,,,,,
,,,,,,
,,,,,,
,,,,,,
,,,,,,
,,,,,,
,,,,,,
,,,,,,
,,,,,,
,,,,,,
,,,,,,
,,,,,,
,,,,,,
,,,,,,
,,,,,,
,,,,,,
,,,,,,
,,,,,,
,,,,,,
,,,,,,
,,,,,,
,,,,,,
,,,,,,
,,,,,,
,,,,,,
,,,,,,
,,,,,,
,,,,,,
,,,,,,
,,,,,,
,,,,,,
,,,,,,
,,,,,,
,,,,,,
,,,,,,
,,,,,,
,,,,,,
,,,,,,
,,,,,,
,,,,,,
,,,,,,
,,,,,,
,,,,,,
,,,,,,
,,,,,,
,,,,,,
,,,,,,
,,,,,,
,,,,,,
,,,,,,
,,,,,,
,,,,,,
,,,,,,
,,,,,,
,,,,,,
,,,,,,
,,,,,,
,,,,,,
,,,,,,
,,,,,,
,,,,,,
,,,,,,
,,,,,,
,,,,,,
,,,,,,
,,,,,,
,,,,,,
,,,,,,
,,,,,,
,,,,,,
,,,,,,
,,,,,,
,,,,,,
,,,,,,
,,,,,,
,,,,,,
,,,,,,
,,,,,,
,,,,,,
,,,,,,
,,,,,,
,,,,,,
,,,,,,
,,,,,,
,,,,,,
,,,,,,
,,,,,,
,,,,,,
,,,,,,
,,,,,,
,,,,,,
,,,,,,
,,,,,,
,,,,,,
,,,,,,
,,,,,,
,,,,,,
,,,,,,
,,,,,,
,,,,,,
,,,,,,
,,,,,,
,,,,,,
,,,,,,
,,,,,,
,,,,,,
,,,,,,
,,,,,,
,,,,,,
,,,,,,
,,,,,,
,,,,,,
,,,,,,
,,,,,,
,,,,,,
,,,,,,
,,,,,,
,,,,,,
,,,,,,
,,,,,,
,,,,,,
,,,,,,
,,,,,,
,,,,,,
,,,,,,
,,,,,,
,,,,,,
,,,,,,
,,,,,,
,,,,,,
,,,,,,
,,,,,,
,,,,,,
,,,,,,
,,,,,,
,,,,,,
,,,,,,
,,,,,,
,,,,,,
,,,,,,
,,,,,,
,,,,,,
,,,,,,
,,,,,,
,,,,,,
,,,,,,
,,,,,,
,,,,,,
,,,,,,
,,,,,,
,,,,,,
,,,,,,
,,,,,,
,,,,,,
,,,,,,
,,,,,,
,,,,,,
,,,,,,
,,,,,,
,,,,,,
,,,,,,
,,,,,,
,,,,,,
,,,,,,
,,,,,,
,,,,,,
,,,,,,
,,,,,,
,,,,,,
,,,,,,
,,,,,,
,,,,,,
,,,,,,
,,,,,,
,,,,,,
,,,,,,
,,,,,,
,,,,,,
,,,,,,
,,,,,,
,,,,,,
,,,,,,
,,,,,,
,,,,,,
,,,,,,
,,,,,,
,,,,,,
,,,,,,
,,,,,,
,,,,,,
,,,,,,
,,,,,,
,,,,,,
,,,,,,
,,,,,,
,,,,,,
,,,,,,
,,,,,,
,,,,,,
,,,,,,
,,,,,,
,,,,,,
,,,,,,
,,,,,,
,,,,,,
,,,,,,
,,,,,,
,,,,,,
,,,,,,
,,,,,,
,,,,,,
,,,,,,
,,,,,,
,,,,,,
,,,,,,
,,,,,,
,,,,,,
,,,,,,
,,,,,,
,,,,,,
,,,,,,
,,,,,,
,,,,,,
,,,,,,
,,,,,,
,,,,,,
,,,,,,
,,,,,,
,,,,,,
,,,,,,
,,,,,,
,,,,,,
,,,,,,
,,,,,,
,,,,,,
,,,,,,
,,,,,,
,,,,,,
,,,,,,
,,,,,,
,,,,,,
,,,,,,
,,,,,,
,,,,,,
,,,,,,
,,,,,,
,,,,,,
,,,,,,
,,,,,,
,,,,,,
,,,,,,
,,,,,,
,,,,,,
,,,,,,
,,,,,,
,,,,,,
,,,,,,
,,,,,,
,,,,,,
,,,,,,
,,,,,,
,,,,,,
,,,,,,
,,,,,,
,,,,,,
,,,,,,
,,,,,,
,,,,,,
,,,,,,
,,,,,,
,,,,,,
,,,,,,
,,,,,,
,,,,,,
,,,,,,
,,,,,,
,,,,,,
,,,,,,
,,,,,,
,,,,,,
,,,,,,
,,,,,,
,,,,,,
,,,,,,
,,,,,,
,,,,,,
,,,,,,
,,,,,,
,,,,,,
,,,,,,
,,,,,,
,,,,,,
,,,,,,
,,,,,,
,,,,,,
,,,,,,
,,,,,,
,,,,,,
,,,,,,
,,,,,,
,,,,,,
,,,,,,
,,,,,,
,,,,,,
,,,,,,
,,,,,,
,,,,,,
,,,,,,
,,,,,,
,,,,,,
,,,,,,
,,,,,,
,,,,,,
,,,,,,
,,,,,,
,,,,,,
,,,,,,
,,,,,,
,,,,,,
,,,,,,
,,,,,,
,,,,,,
,,,,,,
,,,,,,
,,,,,,
,,,,,,
,,,,,,
,,,,,,
,,,,,,
,,,,,,
,,,,,,
,,,,,,
,,,,,,
,,,,,,
,,,,,,
,,,,,,
,,,,,,
,,,,,,
,,,,,,
,,,,,,
,,,,,,
,,,,,,
,,,,,,
,,,,,,
,,,,,,
,,,,,,
,,,,,,
,,,,,,
,,,,,,
,,,,,,
,,,,,,
,,,,,,
,,,,,,
,,,,,,
,,,,,,
,,,,,,
,,,,,,
,,,,,,
,,,,,,
,,,,,,
,,,,,,
,,,,,,
,,,,,,
,,,,,,
,,,,,,
,,,,,,
,,,,,,
,,,,,,
,,,,,,
,,,,,,
,,,,,,
,,,,,,
,,,,,,
,,,,,,
,,,,,,
,,,,,,
,,,,,,
,,,,,,
,,,,,,
,,,,,,
,,,,,,
,,,,,,
,,,,,,
,,,,,,
,,,,,,
,,,,,,
,,,,,,
,,,,,,
,,,,,,
,,,,,,
,,,,,,
,,,,,,
,,,,,,
,,,,,,
,,,,,,
,,,,,,
,,,,,,
,,,,,,
,,,,,,
,,,,,,
,,,,,,
,,,,,,
,,,,,,
,,,,,,
,,,,,,
,,,,,,
,,,,,,
,,,,,,
,,,,,,
,,,,,,
,,,,,,
,,,,,,
,,,,,,
,,,,,,
,,,,,,
,,,,,,
,,,,,,
,,,,,,
,,,,,,
,,,,,,
,,,,,,
,,,,,,
,,,,,,
,,,,,,
,,,,,,
,,,,,,
,,,,,,
,,,,,,
,,,,,,
,,,,,,
,,,,,,
,,,,,,
,,,,,,
,,,,,,
,,,,,,
,,,,,,
,,,,,,
,,,,,,
,,,,,,
,,,,,,
,,,,,,
,,,,,,
,,,,,,
,,,,,,
,,,,,,
,,,,,,
,,,,,,
,,,,,,
,,,,,,
,,,,,,
,,,,,,
,,,,,,
,,,,,,
,,,,,,
,,,,,,
,,,,,,
,,,,,,
,,,,,,
,,,,,,
,,,,,,
,,,,,,
,,,,,,
,,,,,,
,,,,,,
,,,,,,
,,,,,,
,,,,,,
,,,,,,
,,,,,,
,,,,,,
,,,,,,
,,,,,,
,,,,,,
,,,,,,
,,,,,,
,,,,,,
,,,,,,
,,,,,,
,,,,,,
,,,,,,
,,,,,,
,,,,,,
,,,,,,
,,,,,,
,,,,,,
,,,,,,
,,,,,,
,,,,,,
,,,,,,
,,,,,,
,,,,,,
,,,,,,
,,,,,,
,,,,,,
,,,,,,
,,,,,,
,,,,,,
,,,,,,
,,,,,,
,,,,,,
,,,,,,
,,,,,,
,,,,,,
,,,,,,
,,,,,,
,,,,,,
,,,,,,
,,,,,,
,,,,,,
,,,,,,
,,,,,,
,,,,,,
,,,,,,
,,,,,,
,,,,,,
,,,,,,
,,,,,,
,,,,,,
,,,,,,
,,,,,,
,,,,,,
,,,,,,
,,,,,,
,,,,,,
,,,,,,
,,,,,,
,,,,,,
,,,,,,
,,,,,,
,,,,,,
,,,,,,
,,,,,,
,,,,,,
,,,,,,
,,,,,,
,,,,,,
,,,,,,
,,,,,,
,,,,,,
,,,,,,
,,,,,,
,,,,,,
,,,,,,
,,,,,,
,,,,,,
,,,,,,
,,,,,,
,,,,,,
,,,,,,
,,,,,,
,,,,,,
,,,,,,
,,,,,,
,,,,,,
,,,,,,
,,,,,,
,,,,,,
,,,,,,
,,,,,,
,,,,,,
,,,,,,
,,,,,,
,,,,,,
,,,,,,
,,,,,,
,,,,,,
,,,,,,
,,,,,,
,,,,,,
,,,,,,
,,,,,,
,,,,,,
,,,,,,
,,,,,,
,,,,,,
,,,,,,
,,,,,,
,,,,,,
,,,,,,
,,,,,,
,,,,,,
,,,,,,
,,,,,,
,,,,,,
,,,,,,
,,,,,,
,,,,,,
,,,,,,
,,,,,,
,,,,,,
,,,,,,
,,,,,,
,,,,,,
,,,,,,
,,,,,,
,,,,,,
,,,,,,
,,,,,,
,,,,,,
,,,,,,
,,,,,,
,,,,,,
,,,,,,
,,,,,,
,,,,,,
,,,,,,
,,,,,,
,,,,,,
,,,,,,
,,,,,,
,,,,,,
,,,,,,
,,,,,,
,,,,,,
,,,,,,
,,,,,,
,,,,,,
,,,,,,
,,,,,,
,,,,,,
,,,,,,
,,,,,,
,,,,,,
,,,,,,
,,,,,,
,,,,,,
,,,,,,
,,,,,,
,,,,,,
,,,,,,
,,,,,,
,,,,,,
,,,,,,
,,,,,,
,,,,,,
,,,,,,
,,,,,,
,,,,,,
,,,,,,
,,,,,,
,,,,,,
,,,,,,
,,,,,,
,,,,,,
,,,,,,
,,,,,,
,,,,,,
,,,,,,
,,,,,,
,,,,,,
,,,,,,
,,,,,,
,,,,,,
,,,,,,
,,,,,,
,,,,,,
,,,,,,
,,,,,,
,,,,,,
,,,,,,
,,,,,,
,,,,,,
,,,,,,
,,,,,,
,,,,,,
,,,,,,
,,,,,,
,,,,,,
,,,,,,
,,,,,,
,,,,,,
,,,,,,
,,,,,,
,,,,,,
,,,,,,
,,,,,,
,,,,,,
,,,,,,
,,,,,,
,,,,,,
,,,,,,
,,,,,,
,,,,,,
,,,,,,
,,,,,,
,,,,,,
,,,,,,
,,,,,,
,,,,,,
,,,,,,
,,,,,,
,,,,,,
,,,,,,
,,,,,,
,,,,,,
,,,,,,
,,,,,,
,,,,,,
,,,,,,
,,,,,,
,,,,,,
,,,,,,
,,,,,,
,,,,,,
,,,,,,
,,,,,,
,,,,,,
,,,,,,
,,,,,,
,,,,,,
,,,,,,
,,,,,,
,,,,,,
,,,,,,
,,,,,,
,,,,,,
,,,,,,
,,,,,,
,,,,,,
,,,,,,
,,,,,,
,,,,,,
,,,,,,
,,,,,,
,,,,,,
,,,,,,
,,,,,,
,,,,,,
,,,,,,
,,,,,,
,,,,,,
,,,,,,
,,,,,,
,,,,,,
,,,,,,
,,,,,,
,,,,,,
,,,,,,
,,,,,,
,,,,,,
,,,,,,
,,,,,,
,,,,,,
,,,,,,
,,,,,,
,,,,,,
,,,,,,
,,,,,,
,,,,,,
,,,,,,
,,,,,,
,,,,,,
,,,,,,
,,,,,,
,,,,,,
,,,,,,
,,,,,,
,,,,,,
,,,,,,
,,,,,,
,,,,,,
,,,,,,
,,,,,,
,,,,,,
,,,,,,
,,,,,,
,,,,,,
,,,,,,
,,,,,,
,,,,,,
,,,,,,
,,,,,,
,,,,,,
,,,,,,
,,,,,,
,,,,,,
,,,,,,
,,,,,,
,,,,,,
,,,,,,
,,,,,,
,,,,,,
,,,,,,
,,,,,,
,,,,,,
,,,,,,
,,,,,,
,,,,,,
,,,,,,
,,,,,,
,,,,,,
,,,,,,
,,,,,,
,,,,,,
,,,,,,
,,,,,,
,,,,,,
,,,,,,
,,,,,,
,,,,,,
,,,,,,
,,,,,,
,,,,,,
,,,,,,
,,,,,,
,,,,,,
,,,,,,
,,,,,,
,,,,,,
,,,,,,
,,,,,,
,,,,,,
,,,,,,
,,,,,,
,,,,,,
,,,,,,
,,,,,,
,,,,,,
,,,,,,
,,,,,,
,,,,,,
,,,,,,
,,,,,,
,,,,,,
,,,,,,
,,,,,,
,,,,,,
,,,,,,
,,,,,,
,,,,,,
,,,,,,
,,,,,,
,,,,,,
,,,,,,
,,,,,,
,,,,,,
,,,,,,
,,,,,,
,,,,,,
,,,,,,
,,,,,,
,,,,,,
,,,,,,
,,,,,,
,,,,,,
,,,,,,
,,,,,,
,,,,,,
,,,,,,
,,,,,,
,,,,,,
,,,,,,
,,,,,,
,,,,,,
,,,,,,
,,,,,,
,,,,,,
,,,,,,
,,,,,,
,,,,,,
,,,,,,
,,,,,,
,,,,,,
,,,,,,
,,,,,,
,,,,,,
,,,,,,
,,,,,,
,,,,,,
,,,,,,
,,,,,,
,,,,,,
,,,,,,
,,,,,,
,,,,,,
,,,,,,
,,,,,,
,,,,,,
,,,,,,
,,,,,,
,,,,,,
,,,,,,
,,,,,,
,,,,,,
,,,,,,
,,,,,,
,,,,,,
,,,,,,
,,,,,,
,,,,,,
,,,,,,
,,,,,,
,,,,,,
,,,,,,
,,,,,,
,,,,,,
,,,,,,
,,,,,,
,,,,,,
,,,,,,
,,,,,,
,,,,,,
,,,,,,
,,,,,,
,,,,,,
,,,,,,
,,,,,,
,,,,,,
,,,,,,
,,,,,,
,,,,,,
,,,,,,
,,,,,,
,,,,,,
,,,,,,
,,,,,,
,,,,,,
,,,,,,
,,,,,,
,,,,,,
,,,,,,
,,,,,,
,,,,,,
,,,,,,
,,,,,,
,,,,,,
,,,,,,
,,,,,,
,,,,,,
,,,,,,
,,,,,,
,,,,,,
,,,,,,
,,,,,,
,,,,,,
,,,,,,
,,,,,,
,,,,,,
,,,,,,
,,,,,,
,,,,,,
,,,,,,
,,,,,,
,,,,,,
,,,,,,
,,,,,,
,,,,,,
,,,,,,
,,,,,,
,,,,,,
,,,,,,
,,,,,,
,,,,,,
,,,,,,
,,,,,,
,,,,,,
,,,,,,
,,,,,,
,,,,,,
,,,,,,
,,,,,,
,,,,,,
,,,,,,
,,,,,,
,,,,,,
,,,,,,
,,,,,,
,,,,,,
,,,,,,
,,,,,,
,,,,,,
,,,,,,
,,,,,,
,,,,,,
,,,,,,
,,,,,,
,,,,,,
,,,,,,
,,,,,,
,,,,,,
,,,,,,
,,,,,,
,,,,,,
,,,,,,
,,,,,,
,,,,,,
,,,,,,
,,,,,,
,,,,,,
,,,,,,
,,,,,,
,,,,,,
,,,,,,
,,,,,,
,,,,,,
,,,,,,
,,,,,,
,,,,,,
,,,,,,
,,,,,,
,,,,,,
,,,,,,
,,,,,,
,,,,,,
,,,,,,
,,,,,,
,,,,,,
,,,,,,
,,,,,,
,,,,,,
,,,,,,
,,,,,,
,,,,,,
,,,,,,
,,,,,,
,,,,,,
,,,,,,
,,,,,,
,,,,,,
,,,,,,
,,,,,,
,,,,,,
,,,,,,
,,,,,,
,,,,,,
,,,,,,
,,,,,,
,,,,,,
,,,,,,
,,,,,,
,,,,,,
,,,,,,
,,,,,,
,,,,,,
,,,,,,
,,,,,,
,,,,,,
,,,,,,
,,,,,,
,,,,,,
,,,,,,
,,,,,,
,,,,,,
,,,,,,
,,,,,,
,,,,,,
,,,,,,
,,,,,,
,,,,,,
,,,,,,
,,,,,,
,,,,,,
,,,,,,
,,,,,,
,,,,,,
,,,,,,
,,,,,,
,,,,,,
,,,,,,
,,,,,,
,,,,,,
,,,,,,
,,,,,,
,,,,,,
,,,,,,
,,,,,,
,,,,,,
,,,,,,
,,,,,,
,,,,,,
,,,,,,
,,,,,,
,,,,,,
,,,,,,
,,,,,,
,,,,,,
,,,,,,
,,,,,,
,,,,,,
,,,,,,
,,,,,,
,,,,,,
,,,,,,
,,,,,,
,,,,,,
,,,,,,
,,,,,,
,,,,,,
,,,,,,
,,,,,,
,,,,,,
,,,,,,
,,,,,,
,,,,,,
,,,,,,
,,,,,,
,,,,,,
,,,,,,
,,,,,,
,,,,,,
,,,,,,
,,,,,,
,,,,,,
,,,,,,
,,,,,,
,,,,,,
,,,,,,
,,,,,,
,,,,,,
,,,,,,
,,,,,,
,,,,,,
,,,,,,
,,,,,,
,,,,,,
,,,,,,
,,,,,,
,,,,,,
,,,,,,
,,,,,,
,,,,,,
,,,,,,
,,,,,,
,,,,,,
,,,,,,
,,,,,,
,,,,,,
,,,,,,
,,,,,,
,,,,,,
,,,,,,
,,,,,,
,,,,,,
,,,,,,
,,,,,,
,,,,,,
,,,,,,
,,,,,,
,,,,,,
,,,,,,
,,,,,,
,,,,,,
,,,,,,
,,,,,,
,,,,,,
,,,,,,
,,,,,,
,,,,,,
,,,,,,
,,,,,,
,,,,,,
,,,,,,
,,,,,,
,,,,,,
,,,,,,
,,,,,,
,,,,,,
,,,,,,
,,,,,,
,,,,,,
,,,,,,
,,,,,,
,,,,,,
,,,,,,
,,,,,,
,,,,,,
,,,,,,
,,,,,,
,,,,,,
,,,,,,
,,,,,,
,,,,,,
,,,,,,
,,,,,,
,,,,,,
,,,,,,
,,,,,,
,,,,,,
,,,,,,
,,,,,,
,,,,,,
,,,,,,
,,,,,,
,,,,,,
,,,,,,
,,,,,,
,,,,,,
,,,,,,
,,,,,,
,,,,,,
,,,,,,
,,,,,,
,,,,,,
,,,,,,
,,,,,,
,,,,,,
,,,,,,
,,,,,,
,,,,,,
,,,,,,
,,,,,,
,,,,,,
,,,,,,
,,,,,,
,,,,,,
,,,,,,
,,,,,,
,,,,,,
,,,,,,
,,,,,,
,,,,,,
,,,,,,
,,,,,,
,,,,,,
,,,,,,
,,,,,,
,,,,,,
,,,,,,
,,,,,,
,,,,,,
,,,,,,
,,,,,,
,,,,,,
,,,,,,
,,,,,,
,,,,,,
,,,,,,
,,,,,,
,,,,,,
,,,,,,
,,,,,,
,,,,,,
,,,,,,
,,,,,,
,,,,,,
,,,,,,
,,,,,,
,,,,,,
,,,,,,
,,,,,,
,,,,,,
,,,,,,
,,,,,,
,,,,,,
,,,,,,
,,,,,,
,,,,,,
,,,,,,
,,,,,,
,,,,,,
,,,,,,
,,,,,,
,,,,,,
,,,,,,
,,,,,,
,,,,,,
,,,,,,
,,,,,,
,,,,,,
,,,,,,
,,,,,,
,,,,,,
,,,,,,
,,,,,,
,,,,,,
,,,,,,
,,,,,,
,,,,,,
,,,,,,
,,,,,,
,,,,,,
,,,,,,
,,,,,,
,,,,,,
,,,,,,
,,,,,,
,,,,,,
,,,,,,
,,,,,,
,,,,,,
,,,,,,
,,,,,,
,,,,,,
,,,,,,
